cusip,issuer,fundCount,totalValueUsd,exampleFunds
037833100,APPLE INC,16,66104523841000.0,Akre Capital Management; Appaloosa; Berkshire Hathaway; Polen Capital Management; Soros Fund Management
025816109,AMERICAN EXPRESS CO,3,51282319275000.0,Berkshire Hathaway
02079K305,ALPHABET INC,20,32908651268000.0,Akre Capital Management; Berkshire Hathaway; Coatue Management; D1 Capital Partners; Duquesne Family Office; Lone Pine Capital; Pershing Square; Polen Capital Management; Soros Fund Management; Third Point
191216100,COCA COLA CO,11,32520242757000.0,Berkshire Hathaway; Soros Fund Management
060505104,BANK OF AMER CORP,9,27544177543000.0,Akre Capital Management; Berkshire Hathaway
84615Q103,SPACE EXPLORATION TECHN CORP,12,24803085314000.0,Coatue Management; D1 Capital Partners; Polen Capital Management; Third Point; Tiger Global Management
166764100,CHEVRON CORPORATION,4,13986141890000.0,Berkshire Hathaway
674599105,OCCIDENTAL PETE CORP,1,12868205304000.0,Berkshire Hathaway
H1467J104,CHUBB LIMITED,3,11677895835000.0,Akre Capital Management; Berkshire Hathaway; Soros Fund Management
615369105,MOODYS CORP,3,11173435852000.0,Berkshire Hathaway
02079K107,ALPHABET INC,14,10812858827000.0,Akre Capital Management; Appaloosa; Baupost Group; Berkshire Hathaway; Coatue Management; D1 Capital Partners; Pershing Square; Polen Capital Management
023135106,AMAZON COM INC,16,9033196862000.0,Akre Capital Management; Baupost Group; Coatue Management; D1 Capital Partners; Duquesne Family Office; Pershing Square; Polen Capital Management; Soros Fund Management; Third Point; Tiger Global Management
500754106,KRAFT HEINZ CO,2,7691678970000.0,Akre Capital Management; Berkshire Hathaway
874039100,TAIWAN SEMICONDUCTOR MANUFAC,17,7345615225000.0,Akre Capital Management; Coatue Management; Duquesne Family Office; Lone Pine Capital; Polen Capital Management; Soros Fund Management; Third Point; Tiger Global Management
23918K108,DAVITA INC,3,6425470996000.0,Akre Capital Management; Berkshire Hathaway
512807306,LAM RESEARCH CORP,11,5834445274000.0,Akre Capital Management; Coatue Management; Duquesne Family Office; Polen Capital Management; Tiger Global Management
247361702,DELTA AIR LINES INC,4,5369339215000.0,Akre Capital Management; Appaloosa; Berkshire Hathaway; Duquesne Family Office
038222105,APPLIED MATLS INC,10,5100119595000.0,Akre Capital Management; Coatue Management; Lone Pine Capital; Tiger Global Management
30303M102,META PLATFORMS INC,8,5052730214000.0,Akre Capital Management; Coatue Management; D1 Capital Partners; Pershing Square; Polen Capital Management; Soros Fund Management; Tiger Global Management
594918104,MICROSOFT CORP,8,4887616763000.0,Akre Capital Management; Coatue Management; Pershing Square; Polen Capital Management; Soros Fund Management; Tiger Global Management
67066G104,NVIDIA CORPORATION,7,4461458297000.0,Akre Capital Management; Coatue Management; Polen Capital Management; Soros Fund Management; Tiger Global Management
36828A101,GE VERNOVA INC,11,4173439558000.0,Coatue Management; Polen Capital Management; Tiger Global Management
89679M104,TRIPLE FLAG PRECIOUS METAL,1,3993248804000.0,Elliott Investment Management
829933100,SIRIUSXM HOLDINGS INC,3,3686909186000.0,Akre Capital Management; Berkshire Hathaway
11135F101,BROADCOM INC,13,3674133891000.0,Akre Capital Management; Coatue Management; Polen Capital Management; Soros Fund Management; Tiger Global Management
595112103,MICRON TECHNOLOGY INC,9,3653511339000.0,Akre Capital Management; Coatue Management; Soros Fund Management
718546104,PHILLIPS 66,2,3254512673000.0,Akre Capital Management; Elliott Investment Management
11271J107,BROOKFIELD CORP,2,2449707825000.0,Lone Pine Capital; Pershing Square
458140100,INTEL CORP,9,2295058794000.0,Coatue Management; Soros Fund Management; Tiger Global Management
15675D103,CEREBRAS SYSTEMS INC,11,2278516188000.0,Coatue Management; D1 Capital Partners; Soros Fund Management; Tiger Global Management
92343E102,VERISIGN INC,2,2261494212000.0,Berkshire Hathaway
90353T100,UBER TECHNOLOGIES INC,5,2213499927000.0,Akre Capital Management; Pershing Square; Polen Capital Management; Soros Fund Management; Tiger Global Management
501044101,KROGER CO,5,2166036306000.0,Akre Capital Management; Berkshire Hathaway
G29183103,EATON CORP PLC,9,2117140999000.0,Coatue Management
44812J104,HUT 8 CORP,4,1939918749000.0,Coatue Management; Duquesne Family Office; Lone Pine Capital; Third Point
N07059210,ASML HLDG NV,10,1810328085000.0,Coatue Management; Lone Pine Capital; Polen Capital Management; Third Point
G6683N103,NU HLDGS LTD,5,1773635359000.0,Coatue Management; D1 Capital Partners; Lone Pine Capital; Polen Capital Management; Tiger Global Management
76131D103,RESTAURANT BRANDS INTL INC,2,1673990806000.0,Baupost Group; Pershing Square
867224107,SUNCOR ENERGY INC NEW,1,1581090720000.0,Elliott Investment Management
03831W108,APPLOVIN CORP,4,1485273615000.0,Coatue Management; D1 Capital Partners; Lone Pine Capital
29444U700,EQUINIX INC,9,1483879119000.0,Coatue Management; Duquesne Family Office; Elliott Investment Management
42824C109,HEWLETT PACKARD ENTERPRISE C,3,1456430682000.0,Akre Capital Management; Appaloosa; Elliott Investment Management
L8681T102,SPOTIFY TECHNOLOGY S A,6,1438221202000.0,Coatue Management; D1 Capital Partners; Polen Capital Management; Tiger Global Management
81141R100,SEA LTD,5,1414094686000.0,D1 Capital Partners; Duquesne Family Office; Lone Pine Capital; Polen Capital Management; Tiger Global Management
75734B100,REDDIT INC,5,1352913860000.0,Coatue Management; D1 Capital Partners; Duquesne Family Office; Soros Fund Management; Tiger Global Management
G7997R103,SEAGATE TECHNOLOGY HLDNGS PL,4,1269405390000.0,D1 Capital Partners; Duquesne Family Office; Lone Pine Capital; Tiger Global Management
N97284108,NEBIUS GROUP N.V.,2,1261546769000.0,Lone Pine Capital; Soros Fund Management
02005N100,ALLY FINL INC,8,1261062060000.0,Akre Capital Management; Berkshire Hathaway; Soros Fund Management
844741108,SOUTHWEST AIRLS CO,2,1250102194000.0,Appaloosa; Elliott Investment Management
44267T102,HOWARD HUGHES HOLDINGS INC,1,1192581569000.0,Pershing Square
526057104,LENNAR CORP,2,1186481443000.0,Berkshire Hathaway
34631F102,FORGENT POWER SOLUTIONS INC,11,1183160660000.0,Coatue Management; Polen Capital Management; Soros Fund Management
146869102,CARVANA CO,7,1159531392000.0,Coatue Management; D1 Capital Partners; Duquesne Family Office; Lone Pine Capital; Polen Capital Management
21037T109,CONSTELLATION ENERGY CORP,6,1151377254000.0,Coatue Management; Soros Fund Management
G54950103,LINDE PLC,4,1124547754000.0,D1 Capital Partners; Duquesne Family Office; Lone Pine Capital; Soros Fund Management
530909308,LIBERTY LIVE HOLDINGS INC,4,1118425787000.0,Berkshire Hathaway
650111107,NEW YORK TIMES CO MTN BE,2,1098686000000.0,Berkshire Hathaway
565394103,MAPLEBEAR INC,2,1068640673000.0,Akre Capital Management; D1 Capital Partners
14040H105,CAPITAL ONE FINL CORP,6,1016243382000.0,Akre Capital Management; Berkshire Hathaway; D1 Capital Partners; Soros Fund Management; Third Point
912008109,US FOODS HLDG CORP,2,962832626000.0,D1 Capital Partners; Lone Pine Capital
92826C839,VISA INC,5,950696601000.0,Akre Capital Management; Baupost Group; Lone Pine Capital; Polen Capital Management; Tiger Global Management
437076102,HOME DEPOT INC,1,918092697000.0,Lone Pine Capital
576323109,MASTEC INC,6,898973354000.0,Coatue Management; Lone Pine Capital; Soros Fund Management; Third Point
58507V107,MEDLINE INC,2,891604737000.0,Lone Pine Capital; Soros Fund Management
532457108,Eli Lilly & Co,3,826555387000.0,Duquesne Family Office; Polen Capital Management; Soros Fund Management
22266T109,COUPANG INC,4,812723792000.0,D1 Capital Partners; Duquesne Family Office; Soros Fund Management; Tiger Global Management
58733R102,MERCADOLIBRE INC,3,774903633000.0,D1 Capital Partners; Polen Capital Management; Tiger Global Management
144285103,CARPENTER TECHNOLOGY CORP,4,733362927000.0,Lone Pine Capital; Polen Capital Management; Soros Fund Management; Third Point
71377A103,PERFORMANCE FOOD GROUP CO,2,729736055000.0,Lone Pine Capital; Third Point
880770102,TERADYNE INC,1,722411827000.0,Lone Pine Capital
46120E602,INTUITIVE SURGICAL INC,8,722126617000.0,Coatue Management; D1 Capital Partners; Polen Capital Management
G4253H101,JAMES HARDIE INDS PLC,1,721141609000.0,D1 Capital Partners
219948106,CORPAY INC,1,716489508000.0,Tiger Global Management
219350105,CORNING INC,1,696827855000.0,Lone Pine Capital
464287507,ISHARES TR,1,684565693000.0,Starboard Value
632307104,NATERA INC,9,681313253000.0,Coatue Management; Duquesne Family Office; Polen Capital Management
912932100,UNITI GROUP LLC,2,676873730000.0,Akre Capital Management; Elliott Investment Management
81762P102,SERVICENOW INC,3,624692262000.0,Polen Capital Management; Soros Fund Management; Tiger Global Management
235851102,DANAHER CORP DEL,4,624410450000.0,D1 Capital Partners; Duquesne Family Office; Third Point; Tiger Global Management
82509L107,SHOPIFY INC,2,617532753000.0,D1 Capital Partners; Polen Capital Management
72352L106,PINTEREST INC,3,614030463000.0,Akre Capital Management; Coatue Management; Elliott Investment Management
88080T104,TERAWULF INC,2,610281771000.0,Lone Pine Capital; Polen Capital Management
87305R109,TTM TECHNOLOGIES INC,2,606519887000.0,Lone Pine Capital; Third Point
57636Q104,MASTERCARD INCORPORATED,2,602149422000.0,Polen Capital Management; Soros Fund Management
392709101,GREEN BRICK PARTNERS INC,5,593591274000.0,Akre Capital Management; Greenlight Capital; Polen Capital Management
88023U101,SOMNIGROUP INTERNATIONAL INC,3,592678521000.0,D1 Capital Partners; Soros Fund Management; Third Point
49177J102,KENVUE INC,4,586275232000.0,Greenlight Capital; Soros Fund Management; Starboard Value
934423104,WARNER BROS DISCOVERY INC,2,572888475000.0,Soros Fund Management; Third Point
G51502105,JOHNSON CONTROLS INTERNATION,1,548188210000.0,D1 Capital Partners
852234103,BLOCK INC,2,542256200000.0,Third Point; Tiger Global Management
68389X105,Oracle Corp,2,523810526000.0,Akre Capital Management; Polen Capital Management
74736K101,QORVO INC,2,523566665000.0,Akre Capital Management; Starboard Value
824348106,SHERWIN WILLIAMS CO,2,519769634000.0,D1 Capital Partners; Tiger Global Management
859241101,STERLING INFRASTRUCTURE INC,1,511709948000.0,Lone Pine Capital
530909100,LIBERTY LIVE HOLDINGS INC,4,504941901000.0,Berkshire Hathaway
007903107,ADVANCED MICRO DEVICES INC,5,477485306000.0,Coatue Management; Duquesne Family Office; Polen Capital Management; Soros Fund Management; Tiger Global Management
34354P105,FLOWSERVE CORP,2,475388812000.0,D1 Capital Partners; Starboard Value
H5919C104,ON HLDG AG,2,472459282000.0,Lone Pine Capital; Polen Capital Management
03769M106,APOLLO GLOBAL MGMT INC,3,463433285000.0,D1 Capital Partners; Soros Fund Management; Tiger Global Management
874054109,TAKE-TWO INTERACTIVE SOFTWAR,1,452300813000.0,Tiger Global Management
546347105,LOUISIANA PAC CORP,2,445592617000.0,Berkshire Hathaway
670346105,NUCOR CORP,2,413830456000.0,Akre Capital Management; Berkshire Hathaway
883556102,THERMO FISHER SCIENTIFIC INC,2,409682413000.0,D1 Capital Partners; Duquesne Family Office
29786A106,ETSY INC,3,399246589000.0,Elliott Investment Management; Polen Capital Management; Soros Fund Management
49427F108,KILROY REALTY CORP,2,393387072000.0,Akre Capital Management; D1 Capital Partners
184496107,CLEAN HARBORS INC,1,393005924000.0,D1 Capital Partners
268150109,DYNATRACE INC,1,389336446000.0,Starboard Value
25809K105,DOORDASH INC,6,388201482000.0,Coatue Management; D1 Capital Partners; Soros Fund Management; Tiger Global Management
55354G100,MSCI INC,1,376233195000.0,Polen Capital Management
855244109,STARBUCKS CORP,1,362853519000.0,Polen Capital Management
64110L106,NETFLIX INC.,3,344505748000.0,Coatue Management; Polen Capital Management; Soros Fund Management
50212V100,LPL FINL HLDGS INC,1,343395806000.0,Lone Pine Capital
015857105,ALGONQUIN POWER & UTILITIES,1,335130001000.0,Starboard Value
04010E109,ARGAN INC,4,331388668000.0,Coatue Management; Lone Pine Capital; Polen Capital Management
31946M103,FIRST CTZNS BANCSHARES INC N,4,325484879000.0,Coatue Management; Greenlight Capital
G66721104,NORWEGIAN CRUISE LINE HLDGS,2,310184640000.0,Baupost Group; Elliott Investment Management
31488V107,FERGUSON ENTERPRISES INC,2,304610348000.0,Baupost Group; D1 Capital Partners
57667L107,MATCH GROUP INC NEW,2,296092204000.0,Akre Capital Management; Starboard Value
003881307,ACACIA RESH CORP,1,284835953000.0,Starboard Value
45168D104,IDEXX LABS INC,1,280268269000.0,Polen Capital Management
254687106,DISNEY WALT CO,3,278111829000.0,Akre Capital Management; D1 Capital Partners; Soros Fund Management
767292105,Riot Platforms Inc,2,276957757000.0,Duquesne Family Office; Starboard Value
92537N108,VERTIV HOLDINGS CO,3,270063803000.0,Coatue Management
871607107,SYNOPSYS INC,4,261500703000.0,Coatue Management; Elliott Investment Management; Polen Capital Management
369604301,GE AEROSPACE,1,258058054000.0,Polen Capital Management
747525103,QUALCOMM INC,2,256999787000.0,Akre Capital Management; Coatue Management
090043100,BILL HOLDINGS INC,3,254980367000.0,Akre Capital Management; Soros Fund Management; Starboard Value
G25508105,CRH PLC,3,248186024000.0,Duquesne Family Office; Soros Fund Management; Third Point
22160N109,COSTAR GROUP INC,1,248063762000.0,Polen Capital Management
513272104,LAMB WESTON HLDGS INC,1,247593343000.0,Starboard Value
009066101,AIRBNB INC,1,236098385000.0,Polen Capital Management
88160R101,TESLA INC,6,234562647000.0,Akre Capital Management; Coatue Management; D1 Capital Partners; Polen Capital Management; Soros Fund Management
879433829,TELEPHONE & DATA SYS INC,1,232237750000.0,Third Point
10922N103,BRIGHTHOUSE FINL INC,6,231733850000.0,Akre Capital Management; Greenlight Capital; Soros Fund Management
808513105,SCHWAB CHARLES CORP,1,227592259000.0,D1 Capital Partners
37940XAU6,GLOBAL PMTS INC,1,222694485000.0,Soros Fund Management
531229755,LIBERTY MEDIA CORP DEL,1,216781723000.0,Tiger Global Management
20854L108,CONSOL ENERGY INC NEW,4,211673655000.0,Greenlight Capital
538034109,LIVE NATION ENTERTAINMENT IN,1,207829850000.0,Third Point
53566V106,LINEAGE INC,1,204845494000.0,D1 Capital Partners
49338L103,KEYSIGHT TECHNOLOGIES INC,1,204790950000.0,Third Point
285512109,ELECTRONIC ARTS INC,1,199091790000.0,Soros Fund Management
573284106,MARTIN MARIETTA MATLS INC,1,198996102000.0,D1 Capital Partners
G7997W102,SEADRILL 2021 LTD,4,193625981000.0,Elliott Investment Management; Greenlight Capital
655844108,NORFOLK SOUTHN CORP,1,188754000000.0,Third Point
20464U100,COMPASS INC,1,187722166000.0,D1 Capital Partners
090043AF7,BILL HOLDINGS INC,1,181356254000.0,Soros Fund Management
69331CAL2,PG&E CORP,1,179601903000.0,Soros Fund Management
01741R102,ATI INC,2,175926495000.0,Polen Capital Management; Soros Fund Management
142152107,CARIS LIFE SCIENCES INC,3,175026017000.0,Coatue Management; Duquesne Family Office
55616P104,MACYS INC,4,173227429000.0,Akre Capital Management; Berkshire Hathaway
713448108,PEPSICO INC,2,172742350000.0,Akre Capital Management; Elliott Investment Management
143130102,CARMAX INC,1,169588506000.0,Starboard Value
Y2573F102,FLEX LTD,2,167048742000.0,Akre Capital Management; Third Point
518415104,LATTICE SEMICONDUCTOR CORP,2,166348436000.0,D1 Capital Partners; Polen Capital Management
00827B106,AFFIRM HLDGS INC,2,156369597000.0,D1 Capital Partners; Polen Capital Management
76954AAB9,RIVIAN AUTOMOTIVE INC,1,155838659000.0,Soros Fund Management
12008R107,BUILDERS FIRSTSOURCE INC,1,146677585000.0,D1 Capital Partners
893641100,TRANSDIGM GROUP INC,2,143236925000.0,Lone Pine Capital; Third Point
74743L100,QNITY ELECTRONICS INC,2,136220408000.0,D1 Capital Partners; Duquesne Family Office
947002101,WEALTHFRONT CORP,1,135502480000.0,Tiger Global Management
50155Q100,KYNDRYL HLDGS INC,3,132079115000.0,Greenlight Capital
91324P102,UNITEDHEALTH GROUP INC,3,125251166000.0,Akre Capital Management; Soros Fund Management; Tiger Global Management
443201108,HOWMET AEROSPACE INC,1,122902480000.0,Polen Capital Management
882508104,TEXAS INSTRS INC,2,122838820000.0,D1 Capital Partners; Soros Fund Management
00187Y100,API GROUP CORP,1,121332750000.0,Third Point
55024UAF6,LUMENTUM HLDGS INC,1,119272441000.0,Soros Fund Management
609839105,MONOLITHIC PWR SYS INC,1,117642983000.0,D1 Capital Partners
H2927K103,AMRIZE LTD,1,116593057000.0,D1 Capital Partners
87256C101,TKO GROUP HOLDINGS INC,1,116388786000.0,Soros Fund Management
368736104,GENERAC HLDGS INC,1,114346112000.0,Coatue Management
G11448100,BITDEER TECHNOLOGIES GROUP,3,112734783000.0,Duquesne Family Office; Lone Pine Capital; Polen Capital Management
86800U500,SUPER MICRO COMPUTER INC,1,111471398000.0,Soros Fund Management
778920306,SHARONAI HOLDINGS INC,2,108584577000.0,Lone Pine Capital; Soros Fund Management
16935C109,CHIME FINL INC,1,108217240000.0,Tiger Global Management
812215200,SEAPORT ENTMT GROUP INC,1,107910794000.0,Pershing Square
537008104,LITTELFUSE INC,2,105263189000.0,D1 Capital Partners; Polen Capital Management
025537101,AMERICAN ELEC PWR CO INC,2,105079546000.0,Akre Capital Management; Soros Fund Management
29364G103,ENTERGY CORP NEW,1,104971932000.0,Soros Fund Management
26210CAD6,DROPBOX INC,1,104610636000.0,Soros Fund Management
91332U101,UNITY SOFTWARE INC,2,102122392000.0,D1 Capital Partners; Duquesne Family Office
85208M102,SPROUTS FMRS MKT INC,2,101829742000.0,Akre Capital Management; Coatue Management
88033G407,TENET HEALTHCARE CORP,4,99498189000.0,Akre Capital Management; Greenlight Capital
47215PAJ5,JD.COM INC,1,98546765000.0,Soros Fund Management
465741106,ITRON INC,1,98458420000.0,Soros Fund Management
88337F105,THE ODP CORP,3,98418030000.0,Greenlight Capital
68390D106,OR ROYALTIES INC.,1,98400930000.0,Elliott Investment Management
253868103,DIGITAL RLTY TR INC,1,96904600000.0,Soros Fund Management
907818108,UNION PAC CORP,2,95522427000.0,Baupost Group; Third Point
09239BAF6,BLACKLINE INC,1,93258284000.0,Soros Fund Management
21873S108,COREWEAVE INC,2,92417515000.0,D1 Capital Partners; Soros Fund Management
29445S100,EQUIPMENTSHARE COM INC,1,90035840000.0,Tiger Global Management
833445109,SNOWFLAKE INC,2,89733392000.0,D1 Capital Partners; Soros Fund Management
55024UAD1,LUMENTUM HLDGS INC,1,88270935000.0,Soros Fund Management
16115Q308,CHART INDS INC,1,86967723000.0,Soros Fund Management
29084Q100,EMCOR GROUP INC,2,85794994000.0,Polen Capital Management; Soros Fund Management
947890109,WEBSTER FINL CORP,1,85092677000.0,Soros Fund Management
343412102,Fluor Corp,2,83159129000.0,Duquesne Family Office; Starboard Value
451107106,IDACORP INC,1,82622661000.0,Soros Fund Management
20459V105,GPGI INC,1,79678394000.0,Starboard Value
01626W101,ALIGHT INC,4,78831446000.0,Greenlight Capital
65339F655,NEXTERA ENERGY INC,1,77944001000.0,Soros Fund Management
29355A107,ENPHASE ENERGY INC,1,76663775000.0,Coatue Management
H8817H100,TRANSOCEAN LTD,1,76415218000.0,Elliott Investment Management
784305104,H2O AMERICA,1,76227943000.0,Soros Fund Management
464287614,ISHARES TR,1,76195524000.0,Polen Capital Management
62944T105,NVR INC,1,75710501000.0,Berkshire Hathaway
03770N101,APOGEE THERAPEUTICS INC,1,74926085000.0,Soros Fund Management
125896100,CMS ENERGY CORP,1,74232693000.0,Soros Fund Management
78463V107,SPDR GOLD TR,3,73972084000.0,Greenlight Capital
55658T105,MADISON AIR SOLUTIONS CORP,2,73125156000.0,D1 Capital Partners; Soros Fund Management
83304AAK2,SNAP INC,1,71946418000.0,Soros Fund Management
42806J700,HERTZ GLOBAL HLDGS INC,3,71511943000.0,Coatue Management; Pershing Square; Soros Fund Management
02079K602,ALPHABET INC,2,70231083000.0,Soros Fund Management; Third Point
G8267P108,SMURFIT WESTROCK PLC,1,69982035000.0,Soros Fund Management
896945201,TRIPADVISOR INC,1,69879815000.0,Starboard Value
65249B208,NEWS CORP NEW,1,68216133000.0,Starboard Value
084670702,BERKSHIRE HATHAWAY INC DEL,2,66697529000.0,Akre Capital Management; Soros Fund Management
775711104,ROLLINS INC,1,66404276000.0,Polen Capital Management
02079K404,ALPHABET INC,1,66157000000.0,Third Point
842587ED5,SOUTHERN CO,1,65774926000.0,Soros Fund Management
099502106,BOOZ ALLEN HAMILTON HLDG COR,2,65733415000.0,Akre Capital Management; Coatue Management
878742204,TECK RESOURCES LTD,3,65605702000.0,Greenlight Capital
25401T603,DIGITALBRIDGE GROUP INC,1,64994554000.0,Soros Fund Management
G5509L101,LIVANOVA PLC,4,63660374000.0,Akre Capital Management; Greenlight Capital
252131AM9,DEXCOM INC,1,63521812000.0,Soros Fund Management
50012A108,KODIAK GAS SVCS INC,1,63490109000.0,Lone Pine Capital
45841N107,INTERACTIVE BROKERS GROUP IN,2,63463998000.0,Lone Pine Capital; Soros Fund Management
388689101,GRAPHIC PACKAGING HLDG CO,4,62531902000.0,Akre Capital Management; Greenlight Capital
92939U106,WEC ENERGY GROUP INC,1,61697648000.0,Soros Fund Management
74768A104,QUANTINUUM INC,3,58525840000.0,D1 Capital Partners; Elliott Investment Management; Soros Fund Management
G0403H108,AON PLC,2,54636825000.0,Baupost Group; Polen Capital Management
85205TAQ3,SPIRIT AEROSYSTEMS INC,1,53916813000.0,Soros Fund Management
70450Y103,PAYPAL HLDGS INC,2,53879294000.0,Akre Capital Management; Coatue Management
44916Y106,HYPERLIQUID STRATEGIES INC,3,52617660000.0,D1 Capital Partners; Duquesne Family Office; Polen Capital Management
87724P106,TAYLOR MORRISON HOME CORP,1,51905540000.0,Soros Fund Management
65249B109,NEWS CORP NEW,1,50655683000.0,Starboard Value
500081104,KODIAK AI INC.,1,49616548000.0,Soros Fund Management
554382101,MACERICH CO,1,48830966000.0,Soros Fund Management
871829107,SYSCO CORP,1,48157226000.0,Third Point
03990B101,ARES MANAGEMENT CORPORATION,2,47754884000.0,Soros Fund Management; Third Point
007973AE0,ADVANCED ENERGY INDS,1,45903086000.0,Soros Fund Management
63001N106,NCR ATLEOS CORPORATION,2,44898860000.0,Akre Capital Management; Soros Fund Management
G48833118,WEATHERFORD INTL PLC,3,44669667000.0,Greenlight Capital
G9572D103,WEBULL CORP,1,43841373000.0,Tiger Global Management
58155Q103,MCKESSON CORP,1,43712216000.0,Lone Pine Capital
10948W103,ACADIAN ASSET MANAGEMENT INC,2,43650537000.0,Akre Capital Management; Soros Fund Management
98389B100,XCEL ENERGY INC,1,42825917000.0,Soros Fund Management
21874A114,CORE SCIENTIFIC INC NEW,1,42018000000.0,Soros Fund Management
98386P102,X-ENERGY INC,1,41226535000.0,Soros Fund Management
78409V104,S&P GLOBAL INC,1,41065655000.0,Soros Fund Management
816851109,SEMPRA,1,40895679000.0,Soros Fund Management
032654105,ANALOG DEVICES INC,1,40527227000.0,D1 Capital Partners
42226K105,HEALTHCARE RLTY TR,2,39057157000.0,Akre Capital Management; Starboard Value
438516205,HONEYWELL INTL INC,1,38964198000.0,Soros Fund Management
46625H100,JPMORGAN CHASE & CO,2,38901793000.0,Akre Capital Management; Soros Fund Management
866966104,SUNBELT RENTALS HOLDINGS INC,1,38604504000.0,Soros Fund Management
094235108,BLOOMIN BRANDS INC,2,38240600000.0,Akre Capital Management; Starboard Value
00138L108,ATRENEW INC,1,38046814000.0,Tiger Global Management
09073M104,BIO-TECHNE CORP,1,37826010000.0,Soros Fund Management
151290889,CEMEX SA EURO MTN BE 144A,1,37658880000.0,Soros Fund Management
038169207,APPLIED DIGITAL CORP,3,37498734000.0,Polen Capital Management; Third Point; Tiger Global Management
088929104,BGC GROUP INC,1,37221415000.0,Soros Fund Management
Y2065G121,DHT HOLDINGS INC,4,37095513000.0,Akre Capital Management; Greenlight Capital
670703107,NUVALENT INC,1,37052100000.0,Soros Fund Management
N52A8C105,INNIO NV,1,37029241000.0,Soros Fund Management
92556V106,VIATRIS INC,3,36478846000.0,Akre Capital Management; Greenlight Capital
46434G764,ISHARES INC,1,36284378000.0,Soros Fund Management
670002401,NOVAVAX INC,1,36144408000.0,Coatue Management
43849R105,HONEYWELL AEROSPACE INC,1,36022775000.0,Soros Fund Management
049468101,ATLASSIAN CORPORATION,1,35717279000.0,Soros Fund Management
199908104,COMFORT SYS USA INC,2,35264836000.0,Coatue Management
918284100,VSE CORP,2,34316131000.0,Polen Capital Management; Soros Fund Management
903731107,UL SOLUTIONS INC,1,34017166000.0,Soros Fund Management
580135101,MCDONALDS CORP,1,33400044000.0,Soros Fund Management
68389X204,ORACLE CORP,1,33138996000.0,Soros Fund Management
74767V109,QUANTUMSCAPE CORP,1,32470162000.0,Coatue Management
880779103,TEREX CORP NEW,1,32069349000.0,Soros Fund Management
37890B100,GLOBAL BUSINESS TRAVEL GROUP,1,31427015000.0,Soros Fund Management
91680M107,UPSTART HLDGS INC,1,30857652000.0,Coatue Management
64107A105,NET POWER INC,3,30220311000.0,Greenlight Capital
402635502,GULFPORT ENERGY CORP,4,29705679000.0,Akre Capital Management; Greenlight Capital
52476L109,LEGENCE CORP,1,27955440000.0,Soros Fund Management
69121K104,BLUE OWL CAPITAL CORPORATION,2,26673656000.0,Akre Capital Management; Soros Fund Management
526057302,LENNAR CORP,1,26445959000.0,Berkshire Hathaway
092667104,STRATA CRITICAL MEDICAL INC,1,26350000000.0,Third Point
464288414,ISHARES TR,1,25979468000.0,Soros Fund Management
736508847,PORTLAND GEN ELEC CO,2,25954308000.0,Akre Capital Management; Soros Fund Management
28256A109,EINRIDE AB,1,25756993000.0,Soros Fund Management
88339J105,THE TRADE DESK INC,1,25078569000.0,Coatue Management
98978V103,ZOETIS INC,2,25023629000.0,Polen Capital Management; Soros Fund Management
G9600F104,VERSIGENT PLC,1,24519809000.0,Soros Fund Management
60855R100,MOLINA HEALTHCARE INC,2,24064906000.0,Baupost Group; Scion Asset Management
98954M200,ZILLOW GROUP INC,1,23315344000.0,Coatue Management
21874A106,CORE SCIENTIFIC INC NEW,3,23188302000.0,Soros Fund Management; Third Point; Tiger Global Management
70451X104,PAYONEER GLOBAL INC,1,22784000000.0,Soros Fund Management
038923108,ARBOR REALTY TRUST INC,1,22747117000.0,Coatue Management
17253J106,CIPHER DIGITAL INC,1,22711500000.0,Tiger Global Management
039653100,ARCOSA INC,1,22519950000.0,Soros Fund Management
398182303,AMERICAN HEALTHCARE REIT INC,1,22353055000.0,Soros Fund Management
69351T106,PPL CORP,1,22075573000.0,Soros Fund Management
78462F103,SPDR S&P 500 ETF TR,3,21674659000.0,Appaloosa; Polen Capital Management; Soros Fund Management
47233W109,JEFFERIES FINANCIAL GROUP IN,1,21669229000.0,Berkshire Hathaway
682189105,ON SEMICONDUCTOR CORP,1,21557200000.0,Soros Fund Management
77543R102,Roku Inc,2,21547637000.0,Duquesne Family Office; Soros Fund Management
596278101,MIDDLEBY CORP,2,21352951000.0,Akre Capital Management; Soros Fund Management
90364P105,UIPATH INC,1,21320038000.0,Coatue Management
89055F103,TOPBUILD COR,1,21307805000.0,Soros Fund Management
21871X109,COREBRIDGE FINL INC,2,21141575000.0,Akre Capital Management; Soros Fund Management
58463J304,MEDICAL PROPERTIES TRUST INC,1,20907339000.0,Coatue Management
595017104,MICROCHIP TECHNOLOGY INC.,1,20775360000.0,Soros Fund Management
G2R11M108,DPC HOLDINGS PLC,2,20700867000.0,D1 Capital Partners; Soros Fund Management
40415F101,HDFC BANK LTD,1,20588706000.0,Elliott Investment Management
174610105,CITIZENS FINL GROUP INC,2,20550751000.0,Akre Capital Management; Soros Fund Management
718172109,PHILIP MORRIS INTL INC,1,20315108000.0,Soros Fund Management
42704L104,HERC HLDGS INC,3,20190973000.0,Greenlight Capital
320517105,FIRST HORIZON CORPORATION,4,19835822000.0,Akre Capital Management; Greenlight Capital
03761U502,MIDCAP FINANCIAL INVSTMNT CO,1,19600560000.0,Soros Fund Management
31556C106,FERVO ENERGY CO,1,19565101000.0,Soros Fund Management
G1151C101,Accenture PLC,2,19026109000.0,Akre Capital Management; Polen Capital Management
464288257,ISHARES TR,1,18921215000.0,Polen Capital Management
649445103,NEW YORK CMNTY BANCORP INC,3,18707908000.0,Greenlight Capital
N00985106,AERCAP HOLDINGS NV,3,18662123000.0,Akre Capital Management; Greenlight Capital
550021109,LULULEMON ATHLETICA INC,1,17793000000.0,Scion Asset Management
76680R206,RINGCENTRAL INC,3,17753869000.0,Akre Capital Management; Coatue Management; Polen Capital Management
78464A631,SPDR SER TR,3,17559506000.0,Greenlight Capital
46137V100,INVESCO EXCHANGE TRADED FD T,3,17097615000.0,Greenlight Capital
67000B203,NOVANTA INC,1,17070992000.0,Soros Fund Management
45073V108,ITT INC,1,16758182000.0,Soros Fund Management
573874104,MARVELL TECHNOLOGY INC,1,16074740000.0,Soros Fund Management
25402D102,DIGITALOCEAN HLDGS INC,1,15914991000.0,Polen Capital Management
85423L103,STANDARDAERO INC,1,15745820000.0,Soros Fund Management
146280508,SILA REALTY TRUST INC,1,15414318000.0,Soros Fund Management
12769G100,CAESARS ENTERTAINMENT INC NE,1,14938798000.0,Soros Fund Management
78475V103,SOLV ENERGY INC,1,14868409000.0,Soros Fund Management
70614W100,PELOTON INTERACTIVE INC,1,14775000000.0,Coatue Management
87427V103,TALKSPACE INC,1,14388608000.0,Soros Fund Management
78442P106,SLM CORP,2,13311827000.0,Akre Capital Management; Scion Asset Management
444859102,HUMANA INC,1,13198826000.0,Soros Fund Management
116794207,BRUKER CORP,1,13137181000.0,Scion Asset Management
14174T107,CARETRUST REIT INC,1,13126662000.0,Soros Fund Management
125141101,CECO ENVIRONMENTAL CORP,1,12520033000.0,Polen Capital Management
093712107,BLOOM ENERGY CORP,1,12361663000.0,Polen Capital Management
649445400,FLAGSTAR BANK NATIONAL ASSOC,1,11678374000.0,Soros Fund Management
21874C102,CORE & MAIN INC,1,11407796000.0,Soros Fund Management
25746U109,DOMINION ENERGY INC,1,11291342000.0,Soros Fund Management
026874784,AMERICAN INTL GROUP INC,2,11093847000.0,Akre Capital Management; Soros Fund Management
077347300,BEL FUSE INC,1,10938699000.0,Polen Capital Management
14888U101,CATALYST PHARMACEUTICALS INC,2,10840779000.0,Akre Capital Management; Soros Fund Management
980745103,Woodward Inc,2,10602473000.0,Duquesne Family Office; Soros Fund Management
095924106,BLUE OWL TECHNOLOGY FIN CORP,1,10401750000.0,Soros Fund Management
98954M101,ZILLOW GROUP INC,1,10295289000.0,Coatue Management
30052F100,EVGO INC,1,10218542000.0,Soros Fund Management
887389104,TIMKEN CO,2,10189417000.0,Akre Capital Management; Soros Fund Management
G3303U112,ARES ACQUISITION CORP III,1,10050000000.0,Soros Fund Management
38268T103,GOPRO INC,3,9796156000.0,Greenlight Capital
14316J108,CARLYLE GROUP INC,1,9549158000.0,Soros Fund Management
22407B108,COYA THERAPEUTICS INC,3,9440533000.0,Greenlight Capital
471024109,JANUS LIVING INC,1,9378437000.0,Soros Fund Management
82982T106,SITIME CORP,2,9360506000.0,Polen Capital Management; Soros Fund Management
65487K100,NLIGHT INC,1,9290650000.0,Polen Capital Management
83304AAH9,SNAP INC,1,9250002000.0,Soros Fund Management
55277P104,MGE ENERGY INC,1,8709532000.0,Soros Fund Management
478160104,JOHNSON & JOHNSON,2,8686711000.0,Akre Capital Management; Soros Fund Management
09581B103,BLUE OWL CAPITAL INC,1,8518125000.0,Soros Fund Management
M6191J100,JFROG LTD,1,8462473000.0,Polen Capital Management
739128106,POWELL INDS INC,1,8356271000.0,Polen Capital Management
477143AR2,JETBLUE AIRWAYS CORP,1,8332359000.0,Soros Fund Management
872657101,TPG INC,1,8291988000.0,Soros Fund Management
48251W104,KKR & CO INC,1,8142263000.0,Soros Fund Management
04339D105,ARXIS INC,1,8074500000.0,Soros Fund Management
82835W108,ARS PHARMACEUTICALS INC,1,8010000000.0,Third Point
607828100,MODINE MFG CO,1,7833032000.0,Polen Capital Management
13321L108,CAMECO CORP,2,7746740000.0,Polen Capital Management; Soros Fund Management
500767306,KRANESHARES TRUST,1,7350886000.0,Soros Fund Management
18467V109,CLEAR SECURE INC,1,7343709000.0,Polen Capital Management
051774107,AURORA INNOVATION INC,3,7267506000.0,Duquesne Family Office; Polen Capital Management; Third Point
112463104,BROOKDALE SR LIVING INC,1,7257909000.0,Polen Capital Management
05605H100,BWX TECHNOLOGIES INC,1,7196989000.0,Polen Capital Management
750491102,RADNET INC,1,7189982000.0,Soros Fund Management
931142103,WALMART INC,2,7147986000.0,Akre Capital Management; Soros Fund Management
767292AB1,RIOT PLATFORMS INC,1,7033950000.0,Third Point
72919P202,PLUG PWR INC,1,6897609000.0,Coatue Management
12572Q105,CME GROUP INC,2,6767777000.0,Baupost Group; Soros Fund Management
782011100,RUSH STREET INTERACTIVE INC,1,6741463000.0,Soros Fund Management
00724F101,ADOBE INC,3,6718335000.0,Akre Capital Management; Polen Capital Management; Soros Fund Management
55826T102,SPHERE ENTERTAINMENT CO,1,6666673000.0,Polen Capital Management
296013105,EROCK INC,2,6658922000.0,Soros Fund Management; Third Point
36315X101,GALAPAGOS NV,3,6608796000.0,Greenlight Capital
83418M103,SOLARIS ENERGY INFRAS INC,1,6462869000.0,Polen Capital Management
03214Q108,AMPRIUS TECHNOLOGIES INC,1,6453188000.0,Polen Capital Management
00760J108,AEHR TEST SYS,1,6355041000.0,Polen Capital Management
922908736,VANGUARD INDEX FDS,1,6305436000.0,Polen Capital Management
09260D107,BLACKSTONE INC,1,6010584000.0,Soros Fund Management
92345Y106,VERISK ANALYTICS INC,1,5972425000.0,Soros Fund Management
G29018101,DLOCAL LTD,1,5926851000.0,Polen Capital Management
88339P101,THE REALREAL INC,1,5854395000.0,Polen Capital Management
457152106,INGRAM MICRO HLDG CORP,2,5727219000.0,Akre Capital Management; Soros Fund Management
90184D100,TWIST BIOSCIENCE CORP,1,5690293000.0,Polen Capital Management
83601L102,SOTERA HEALTH CO,3,5677944000.0,Greenlight Capital
925815102,VICOR CORP,1,5667837000.0,Polen Capital Management
464286509,ISHARES INC,1,5631428000.0,Soros Fund Management
36317J209,GALAXY DIGITAL INC.,1,5590429000.0,Soros Fund Management
64073B103,NEPTUNE INS HLDGS INC,1,5426820000.0,Soros Fund Management
928298108,VISHAY INTERTECHNOLOGY INC,1,5378000000.0,Soros Fund Management
44951W106,IES HOLDINGS INC,1,5344652000.0,Polen Capital Management
01021M104,AKTIS ONCOLOGY INC,2,5270056000.0,Polen Capital Management; Soros Fund Management
40131M109,GUARDANT HEALTH INC,1,5156831000.0,Polen Capital Management
532257805,LIGHTPATH TECHNOLOGIES INC,1,5141683000.0,Polen Capital Management
47215P106,JD.COM INC,1,5134220000.0,Tiger Global Management
72348N109,PINNACLE FINL PARTNERS INC,1,4970660000.0,Soros Fund Management
72703X106,PLANET LABS PBC,1,4943360000.0,Polen Capital Management
591774104,METROPOLITAN BK HLDG CORP,1,4938000000.0,Soros Fund Management
666807102,NORTHROP GRUMMAN CORP,1,4919935000.0,Soros Fund Management
92835K103,VISHAY PRECISION GROUP INC,1,4908653000.0,Polen Capital Management
42806J148,HERTZ GLOBAL HLDGS INC,2,4838307000.0,Coatue Management; Third Point
004239109,ACADIA RLTY TR,1,4781072000.0,Soros Fund Management
533714101,LINCOLN INTL INC,1,4774000000.0,Soros Fund Management
750102105,RACKSPACE TECHNOLOGY INC,1,4631004000.0,Polen Capital Management
343389409,FLOTEK INDUSTRIES INC,1,4598254000.0,Polen Capital Management
803054204,SAP SE,1,4434182000.0,Polen Capital Management
002824100,ABBOTT LABORATORIES,2,4346994000.0,Polen Capital Management; Soros Fund Management
732908108,PONY AI INC,2,4260920000.0,Soros Fund Management; Tiger Global Management
75524B104,RBC BEARINGS INC,1,4257237000.0,Soros Fund Management
124155102,BUTTERFLY NETWORK INC,1,4045827000.0,Polen Capital Management
617446448,MORGAN STANLEY,2,3996908000.0,Akre Capital Management; Soros Fund Management
35671D857,FREEPORT-MCMORAN INC,2,3941754000.0,Appaloosa; Soros Fund Management
00108J109,ACM RESH INC,2,3823716000.0,Akre Capital Management; Soros Fund Management
00246W103,AXT INC,1,3799121000.0,Polen Capital Management
698813102,PAPA JOHNS INTL INC,1,3677000000.0,Soros Fund Management
922417100,VEECO INSTRS INC DEL,1,3662201000.0,Polen Capital Management
039483102,ARCHER DANIELS MIDLAND CO,2,3646505000.0,Akre Capital Management; Soros Fund Management
H11356104,BUNGE GLOBAL SA,1,3527853000.0,Soros Fund Management
05614L209,BABCOCK & WILCOX ENTERPRISES,1,3516695000.0,Polen Capital Management
G0593M107,ASTRAZENECA PLC,1,3513550000.0,Polen Capital Management
88034P109,TENCENT MUSIC ENTMT GROUP,1,3399970000.0,Polen Capital Management
000361105,AAR CORP,1,3367574000.0,Polen Capital Management
922280102,VARONIS SYS INC,1,3356800000.0,Soros Fund Management
G96629103,WILLIS TOWERS WATSON PLC LTD,1,3354236000.0,Polen Capital Management
549498202,LUCID GROUP INC,2,3350773000.0,Coatue Management; Soros Fund Management
877619106,TAYSHA GENE THERAPIES INC,1,3331581000.0,Polen Capital Management
535219109,LINDBLAD EXPEDITIONS HLDGS I,1,3245200000.0,Polen Capital Management
046433108,ASTRONICS CORP,1,3199938000.0,Polen Capital Management
046224101,ASTEC INDS INC,1,3191670000.0,Polen Capital Management
53190C102,LIFE TIME GROUP HOLDINGS INC,1,3132632000.0,Polen Capital Management
29382R107,ENTRAVISION COMMUNICATIONS C,1,3089685000.0,Polen Capital Management
349381103,FIGURE TECHNOLOGY SOLUTIO,1,3071000000.0,Soros Fund Management
L6388F110,Millicom International Cellular SA,2,3056814000.0,Akre Capital Management; Polen Capital Management
860897107,STITCH FIX INC,1,3022383000.0,Coatue Management
G1143H101,BITCOIN INFRASTRUCTURE ACQUI,1,2998500000.0,Starboard Value
G65163100,JOBY AVIATION INC,1,2962840000.0,Polen Capital Management
P31076105,COPA HOLDINGS SA,1,2947740000.0,Polen Capital Management
14154A102,CARDINAL INFRASTRUCTURE GROU,1,2900135000.0,Polen Capital Management
92189H607,VANECK ETF TRUST,3,2869251000.0,Greenlight Capital
80706P103,SCHOLAR ROCK HLDG CORP,1,2867260000.0,Polen Capital Management
03823U102,APPLIED OPTOELECTRONICS INC,1,2855340000.0,Polen Capital Management
743713109,PROTO LABS INC,1,2853747000.0,Polen Capital Management
683797104,OPPENHEIMER HLDGS INC,1,2832060000.0,Polen Capital Management
881624209,TEVA PHARMACEUTICAL INDS LTD,3,2824001000.0,Duquesne Family Office; Greenlight Capital
740444104,PREFORMED LINE PRODS CO,1,2822600000.0,Polen Capital Management
74366E102,Protagonist Therapeutics Inc,2,2802167000.0,Duquesne Family Office; Polen Capital Management
236272100,DANIMER SCIENTIFIC INC,4,2789272000.0,Greenlight Capital
M0740A108,ALPHA TAU MEDICAL LTD,1,2777048000.0,Polen Capital Management
131193104,CALLAWAY GOLF CO,1,2743584000.0,Polen Capital Management
033853102,ANDERSEN GROUP INC,1,2738472000.0,Soros Fund Management
002474104,AZZ INC,1,2692288000.0,Polen Capital Management
163072101,CHEESECAKE FACTORY INC,1,2648443000.0,Polen Capital Management
21044C107,CONSTRUCTION PARTNERS INC,1,2647502000.0,Polen Capital Management
679369108,OLAPLEX HLDGS INC,1,2593184000.0,Coatue Management
53229X101,LIFTOFF MOBILE INC,1,2569660000.0,Soros Fund Management
97717P104,WISDOMTREE INC,1,2524924000.0,Polen Capital Management
23804L103,DATADOG INC,1,2515598000.0,Soros Fund Management
338307101,Five9 Inc,2,2501418000.0,Akre Capital Management; Polen Capital Management
604749101,MIRUM PHARMACEUTICALS INC,1,2446646000.0,Polen Capital Management
023939101,AMENTUM HOLDINGS INC,1,2444765000.0,Soros Fund Management
49803T300,KITE REALTY GROUP TRUST,2,2444350000.0,Akre Capital Management; Soros Fund Management
74006W207,PRAXIS PRECISION MEDICINES I,1,2427897000.0,Polen Capital Management
49926D109,KNOWLES CORP,1,2425958000.0,Polen Capital Management
92645B103,Victory Capital Holdings Inc,2,2425736000.0,Akre Capital Management; Polen Capital Management
29664W105,ESPERION THERAPEUTICS INC NE,1,2393251000.0,Soros Fund Management
92343V104,VERIZON COMMUNICATIONS INC,2,2379353000.0,Akre Capital Management; Soros Fund Management
420201105,HAWKEYE 360 INC,1,2351182000.0,Soros Fund Management
97785W106,WOLFSPEED INC,2,2326567000.0,Polen Capital Management; Third Point
578605107,MAYVILLE ENGR CO INC,1,2316039000.0,Polen Capital Management
773121108,ROCKET LAB CORP,1,2312639000.0,Polen Capital Management
03815J107,APPLIED AEROSPACE & DEFENSE,1,2278000000.0,Soros Fund Management
706915105,Penguin Solutions Inc,2,2213861000.0,Akre Capital Management; Polen Capital Management
00650F109,ADAPTIVE BIOTECHNOLOGIES COR,1,2197703000.0,Polen Capital Management
67000B104,NOVANTA INC,1,2168500000.0,Polen Capital Management
816850101,SEMTECH CORP,1,2161183000.0,Polen Capital Management
464288240,ISHARES TR,1,2112432000.0,Polen Capital Management
00676P107,ADEIA INC,3,2107510000.0,Akre Capital Management; Polen Capital Management; Soros Fund Management
743315103,PROGRESSIVE CORP,1,2069158000.0,Soros Fund Management
343928107,FLYEXCLUSIVE INC,1,2044000000.0,Third Point
090168105,BILLIONTOONE INC,1,2036661000.0,Polen Capital Management
69007J304,Outfront Media Inc,2,2034359000.0,Akre Capital Management; Polen Capital Management
69366J200,PTC THERAPEUTICS INC,1,2032398000.0,Polen Capital Management
384556106,GRAHAM CORP,1,1962319000.0,Polen Capital Management
89422G107,TRAVERE THERAPEUTICS INC,1,1949435000.0,Polen Capital Management
G31249108,ESTABLISHMENT LABS HLDGS INC,1,1934243000.0,Polen Capital Management
36269B105,GAIN THERAPEUTICS INC,3,1921158000.0,Greenlight Capital
552953101,MGM RESORTS INTERNATIONAL,2,1857753000.0,Akre Capital Management; Soros Fund Management
56146T103,MAMAS CREATIONS INC,1,1793871000.0,Polen Capital Management
099724106,BORGWARNER INC,2,1724837000.0,Akre Capital Management; Soros Fund Management
296006109,ERO COPPER CORP,1,1674898000.0,Polen Capital Management
76134H101,RESOLUTE HLDGS MGMT INC,1,1656892000.0,Polen Capital Management
29772L108,ETON PHARMACEUTICALS INC,1,1642720000.0,Polen Capital Management
010911105,ALAMAR BIOSCIENCES INC,1,1625400000.0,Soros Fund Management
861012102,Stmicroelectronics N V,2,1604510000.0,Duquesne Family Office; Soros Fund Management
M98068105,WIX COM LTD,1,1587950000.0,Soros Fund Management
231561101,CURTISS WRIGHT CORP,1,1579930000.0,Polen Capital Management
G87110105,TechnipFMC PLC,2,1478185000.0,Akre Capital Management; Polen Capital Management
N30577105,ERMENEGILDO ZEGNA N V,1,1448774000.0,Polen Capital Management
33733E807,FIRST TR EXCHANGE-TRADED FD,3,1421936000.0,Greenlight Capital
22284P105,COVENANT LOGISTICS GROUP INC,1,1411242000.0,Polen Capital Management
78464A474,SPDR SERIES TRUST,1,1409840000.0,Soros Fund Management
071705107,BAUSCH PLUS LOMB CORP,1,1407600000.0,Third Point
50015M109,KODIAK SCIENCES INC,1,1381872000.0,Polen Capital Management
612160101,AIRJOULE TECHNOLOGIES CORP,1,1348314000.0,Polen Capital Management
86771W105,SUNRUN INC,1,1338000000.0,Soros Fund Management
92259N302,VELO3D INC,1,1306106000.0,Polen Capital Management
46090F100,INVESCO ACTVELY MNGD ETC FD,3,1289967000.0,Greenlight Capital
48238T109,OPENLANE INC,1,1277203000.0,Polen Capital Management
87422Q109,TALEN ENERGY CORP,2,1270364000.0,Polen Capital Management; Soros Fund Management
910047109,UNITED CONTL HLDGS INC,4,1232002000.0,Akre Capital Management; Appaloosa; Duquesne Family Office; Polen Capital Management
922042742,VANGUARD INTL EQUITY INDEX F,1,1211530000.0,Polen Capital Management
30040W108,EVERSOURCE ENERGY,2,1185184000.0,Akre Capital Management; Soros Fund Management
443320106,HUB GROUP INC,1,1184476000.0,Soros Fund Management
83406F102,SOFI TECHNOLOGIES INC,1,1176405000.0,Polen Capital Management
G3323L100,FABRINET,1,1173061000.0,Polen Capital Management
90138F102,Twilio Inc,2,1153682000.0,Akre Capital Management; Polen Capital Management
G6375R107,NATIONAL ENERGY SERVICES REU,1,1144882000.0,Polen Capital Management
92552R406,PURSUIT ATTRACTIONS AND HOSP,1,1119120000.0,Polen Capital Management
87424L207,TALIS BIOMEDICAL CORP,3,1110437000.0,Greenlight Capital
45104G104,ICICI BANK LIMITED,1,1106754000.0,Polen Capital Management
687793109,OSCAR HEALTH INC,1,1103753000.0,Polen Capital Management
18915M107,CLOUDFLARE INC,1,1095666000.0,Soros Fund Management
05464T104,AXSOME THERAPEUTICS INC.,1,1093632000.0,Polen Capital Management
M96088105,UROGEN PHARMA LTD,1,1089832000.0,Polen Capital Management
37954Y889,GLOBAL X FDS,1,1050141000.0,Polen Capital Management
922908363,VANGUARD INDEX FDS,1,1042578000.0,Polen Capital Management
74982T103,RXO INC,1,1031866000.0,Polen Capital Management
24703L202,Dell Technologies Inc,1,1031395000.0,Akre Capital Management
G1828S109,CANTOR EQUITY PARTNERS V INC,1,1031250000.0,Soros Fund Management
74164F103,PRIMORIS SVCS CORP,1,1024802000.0,Soros Fund Management
G96115103,WHITEFIBER INC,1,1021017000.0,Polen Capital Management
98585C100,YESWAY INC,1,1015000000.0,Soros Fund Management
G50871105,Jazz Pharmaceuticals PLC,2,995964000.0,Akre Capital Management; Polen Capital Management
337932107,FIRSTENERGY CORP,1,995773000.0,Soros Fund Management
971378104,WILLSCOT HLDGS CORP,1,987849000.0,Polen Capital Management
00486H105,ADTRAN HOLDINGS INC,1,977059000.0,Polen Capital Management
37045V100,GENERAL MTRS CO,2,969428000.0,Akre Capital Management; Appaloosa
29082A107,EMBRAER S.A.,1,937924000.0,Polen Capital Management
00218A105,ASP ISOTOPES INC,1,930257000.0,Polen Capital Management
336433107,FIRST SOLAR INC,1,926143000.0,Soros Fund Management
98956A105,ZETA GLOBAL HOLDINGS CORP,1,918407000.0,Soros Fund Management
423494103,HEMAB THERAPEUTICS HLDGS INC,1,918250000.0,Soros Fund Management
15961R303,CHARGEPOINT HOLDINGS INC,1,910648000.0,Coatue Management
252828108,DIANTHUS THERAPEUTICS INC,1,909781000.0,Polen Capital Management
G21082105,CHINA YUCHAI INTL LTD,1,907712000.0,Polen Capital Management
842873101,SOUTHERN FIRST BANCSHARES,1,882773000.0,Soros Fund Management
G00894108,ACCELERANT HOLDINGS,1,879000000.0,Tiger Global Management
486917107,KEEL INFRASTRUCTURE CORP,1,869036000.0,Soros Fund Management
82846H405,QXO INC,1,861149000.0,Soros Fund Management
17275R102,Cisco Systems Inc,1,835070000.0,Akre Capital Management
268603107,El Pollo Loco Holdings Inc,2,812223000.0,Akre Capital Management; Polen Capital Management
G2131A108,CHURCHILL CAP CORP XI,1,795546000.0,Polen Capital Management
172967424,Citigroup Inc,1,792859000.0,Akre Capital Management
55405Y100,MACOM TECH SOLUTIONS HLDGS I,1,778998000.0,Polen Capital Management
N82405106,STELLANTIS N.V,1,762433000.0,Soros Fund Management
02913V103,American Public Education Inc,2,751548000.0,Akre Capital Management; Polen Capital Management
880345103,TENNANT CO,1,747592000.0,Soros Fund Management
606710200,Mitek Systems Inc,2,716379000.0,Akre Capital Management; Polen Capital Management
983793100,XPO INC,1,697165000.0,Polen Capital Management
447011107,HUNTSMAN CORP,2,694172000.0,Appaloosa; Soros Fund Management
857477103,State Street Corp,1,690090000.0,Akre Capital Management
58933Y105,Merck & Co Inc,1,680974000.0,Akre Capital Management
91733P107,USA RARE EARTH INC,1,673749000.0,Soros Fund Management
377322102,GLAUKOS CORP,1,673364000.0,Polen Capital Management
M20791105,CAMTEK LTD,1,670913000.0,Polen Capital Management
92840M102,VISTRA CORP,1,669894000.0,Soros Fund Management
80004C200,Sandisk Corp,3,667240000.0,Akre Capital Management; Duquesne Family Office; Polen Capital Management
81369Y605,SELECT SECTOR SPDR TR,1,657795000.0,Soros Fund Management
G8068L108,SHARKNINJA INC,1,631311000.0,Polen Capital Management
23331A109,D R HORTON INC,2,629205000.0,Berkshire Hathaway; Duquesne Family Office
40412C101,HCA HOLDINGS INC,2,621973000.0,Akre Capital Management; Appaloosa
53680QAA6,LITHIUM ARGENTINA AG,1,611750000.0,Third Point
87162W100,TD SYNNEX Corp,1,595902000.0,Akre Capital Management
65340P106,NEXGEN ENERGY LTD,1,588089000.0,Polen Capital Management
051774115,AURORA INNOVATION INC,1,587384000.0,Third Point
346375108,FORMFACTOR INC,1,574309000.0,Polen Capital Management
110122108,Bristol-Myers Squibb Co,1,567686000.0,Akre Capital Management
007973100,ADVANCED ENERGY INDS,1,560424000.0,Polen Capital Management
036752103,ELEVANCE HEALTH INC FORMERLY,2,559199000.0,Akre Capital Management; Baupost Group
92837L109,Vista Energy S.A.B. De C.V.,2,549809000.0,Duquesne Family Office; Polen Capital Management
06652K103,BANKUNITED INC,2,548914000.0,Akre Capital Management; Soros Fund Management
020002101,ALLSTATE CORP,2,542202000.0,Akre Capital Management; Appaloosa
04280A100,ARROWHEAD PHARMACEUTICALS IN,1,538944000.0,Polen Capital Management
45826T509,INTEGRA RES CORP,1,535439000.0,Polen Capital Management
717081103,PFIZER INC,2,533954000.0,Akre Capital Management; Appaloosa
88556E102,THREDUP INC,1,515743000.0,Polen Capital Management
949746101,Wells Fargo & Co,1,508518000.0,Akre Capital Management
781154109,RUBRIK INC.,1,497816000.0,Polen Capital Management
624756102,Mueller Industries Inc,2,487460000.0,Akre Capital Management; Polen Capital Management
00206R102,AT&T Inc,1,486805000.0,Akre Capital Management
249906108,DESCARTES SYS GROUP INC,1,483759000.0,Polen Capital Management
126650100,CVS Health Corp,1,479520000.0,Akre Capital Management
02209S103,Altria Group Inc,1,468799000.0,Akre Capital Management
45337C102,Incyte Corp,1,467469000.0,Akre Capital Management
282564103,EIKON THERAPEUTICS INC,1,466433000.0,Polen Capital Management
35137L105,Fox Corp,2,464566000.0,Akre Capital Management; Duquesne Family Office
354613101,FRANKLIN RESOURCES INC,1,457795000.0,Polen Capital Management
30161Q104,Exelixis Inc,1,443250000.0,Akre Capital Management
482931102,KAILERA THERAPEUTICS INC,1,440600000.0,Soros Fund Management
35834F104,T1 ENERGY INC,1,435909000.0,Soros Fund Management
00165C302,AMC ENTMT HLDGS INC,1,433458000.0,Coatue Management
G0260P102,AMER SPORTS INC,1,430140000.0,Soros Fund Management
576690101,MATERION CORP,1,427349000.0,Soros Fund Management
883203101,Textron Inc,1,421585000.0,Akre Capital Management
683416101,Ooma Inc,2,405439000.0,Akre Capital Management; Polen Capital Management
042735100,Arrow Electronics Inc,1,402618000.0,Akre Capital Management
690742101,OWENS CORNING NEW,2,400021000.0,Akre Capital Management; Appaloosa
30212P303,Expedia Group Inc,1,390493000.0,Akre Capital Management
G3730V105,Ftai Aviation Ltd,2,385289000.0,Duquesne Family Office; Polen Capital Management
278642103,eBay Inc,1,381381000.0,Akre Capital Management
745867101,PulteGroup Inc,1,375237000.0,Akre Capital Management
416515104,Hartford Insurance Group Inc/The,1,371242000.0,Akre Capital Management
56585A102,Marathon Petroleum Corp,1,369277000.0,Akre Capital Management
79466L302,Salesforce Inc,1,366062000.0,Akre Capital Management
651639106,Newmont Corp,1,364576000.0,Akre Capital Management
485925101,KARDIGAN INC,1,357750000.0,Soros Fund Management
464287572,ISHARES TR,1,357330000.0,Polen Capital Management
20030N101,Comcast Corp,1,355273000.0,Akre Capital Management
589378108,MERCURY SYS INC,1,355246000.0,Polen Capital Management
172755100,Cirrus Logic Inc,1,350079000.0,Akre Capital Management
36168Q104,GFL ENVIRONMENTAL INC,1,341669000.0,Soros Fund Management
781846209,RUSH ENTERPRISES INC,1,333833000.0,Soros Fund Management
375558103,Gilead Sciences Inc,1,332997000.0,Akre Capital Management
372460105,GENUINE PARTS CO,1,332253000.0,Baupost Group
01862Q107,ALLIANCE LAUNDRY HLDGS INC,1,329962000.0,Polen Capital Management
05348Y105,AVALYN PHARMACEUTICALS INC,1,329200000.0,Soros Fund Management
688239201,Oshkosh Corp,1,327172000.0,Akre Capital Management
064058100,Bank of New York Mellon Corp/The,1,325647000.0,Akre Capital Management
38141G104,Goldman Sachs Group Inc/The,1,320375000.0,Akre Capital Management
91913Y100,Valero Energy Corp,1,317469000.0,Akre Capital Management
26210C104,Dropbox Inc,1,316386000.0,Akre Capital Management
G76279101,ROIVANT SCIENCES LTD,1,306442000.0,Polen Capital Management
75381A108,RARE EARTHS AMERICAS INC,1,305600000.0,Soros Fund Management
453204109,IMPINJ INC,1,304937000.0,Soros Fund Management
74624M102,EVERPURE INC,1,301608000.0,Polen Capital Management
36866J105,GEMINI SPACE STA INC,1,298200000.0,Tiger Global Management
10806X102,BRIDGEBIO PHARMA INC,1,298069000.0,Polen Capital Management
783549108,Ryder System Inc,1,296566000.0,Akre Capital Management
053807103,Avnet Inc,1,293561000.0,Akre Capital Management
40434L105,HP Inc,1,289466000.0,Akre Capital Management
600544100,MillerKnoll Inc,2,282854000.0,Akre Capital Management; Polen Capital Management
987084100,YORK SPACE SYSTEMS INC,1,276852000.0,Soros Fund Management
552848103,MGIC Investment Corp,1,274895000.0,Akre Capital Management
366505105,Garrett Motion Inc,1,272631000.0,Akre Capital Management
7591EP100,Regions Financial Corp,1,267253000.0,Akre Capital Management
989701107,Zions Bancorp NA,1,266997000.0,Akre Capital Management
30231G102,Exxon Mobil Corporation,1,264412000.0,Akre Capital Management
46982L108,JACOBS SOLUTIONS INC,1,262332000.0,Soros Fund Management
835495102,Sonoco Products Co,1,261916000.0,Akre Capital Management
406216101,Halliburton Co,1,261618000.0,Akre Capital Management
44107P104,Host Hotels & Resorts Inc,1,254526000.0,Akre Capital Management
316092857,FIDELITY COVINGTON TRUST,1,254099000.0,Polen Capital Management
403949100,HF Sinclair Corp,1,252638000.0,Akre Capital Management
963320106,WHIRLPOOL CORP,2,252383000.0,Akre Capital Management; Appaloosa
668771108,Gen Digital Inc,1,248735000.0,Akre Capital Management
01973R101,Allison Transmission Holdings Inc,1,247681000.0,Akre Capital Management
87612E106,Target Corp,1,247589000.0,Akre Capital Management
567908108,MARINEMAX INC,1,247185000.0,Polen Capital Management
345370860,Ford Motor Co,1,246058000.0,Akre Capital Management
750236101,Radian Group Inc,1,240799000.0,Akre Capital Management
60871R209,Molson Coors Beverage Co,1,230298000.0,Akre Capital Management
95082P105,WESCO INTL INC,1,228979000.0,Baupost Group
801056102,Sanmina Corp,2,227990000.0,Akre Capital Management; Polen Capital Management
G02602103,Amdocs Ltd,1,227970000.0,Akre Capital Management
08862E109,BEYOND MEAT INC,1,224914000.0,Coatue Management
001084102,AGCO Corp,1,224422000.0,Akre Capital Management
36266G107,GE HealthCare Technologies Inc,1,222941000.0,Akre Capital Management
94419L101,WAYFAIR INC,1,221993000.0,Polen Capital Management
031162100,Amgen Inc,1,218557000.0,Akre Capital Management
227046109,Crocs Inc,1,218358000.0,Akre Capital Management
231021106,Cummins Inc,1,217465000.0,Akre Capital Management
91529Y106,Unum Group,1,215733000.0,Akre Capital Management
03076C106,Ameriprise Financial Inc,1,215359000.0,Akre Capital Management
902681105,UGI Corp,1,215221000.0,Akre Capital Management
457187102,Ingredion Inc,1,214644000.0,Akre Capital Management
05637B105,BACKBLAZE INC,1,210430000.0,Polen Capital Management
052800109,Autoliv Inc,1,209898000.0,Akre Capital Management
31428X106,FedEx Corp,1,209821000.0,Akre Capital Management
55024U109,LUMENTUM HLDGS INC,1,208509000.0,Polen Capital Management
00090Q103,ADT Inc,1,207000000.0,Akre Capital Management
101137107,BOSTON SCIENTIFIC CORP,1,202733000.0,Polen Capital Management
576485205,Matador Resources Co,1,200299000.0,Akre Capital Management
733174700,Popular Inc,1,196058000.0,Akre Capital Management
228368106,Crown Holdings Inc,1,191452000.0,Akre Capital Management
87165B103,Synchrony Financial,1,190985000.0,Akre Capital Management
651587107,NewMarket Corp,1,188127000.0,Akre Capital Management
55318A108,MNTN INC,1,184000000.0,Tiger Global Management
636180101,National Fuel Gas Co,1,182321000.0,Akre Capital Management
008252108,Affiliated Managers Group Inc,1,180574000.0,Akre Capital Management
879369106,TELEFLEX INCORPORATED,1,178605000.0,Baupost Group
808625107,Science Applications International Corp,1,174289000.0,Akre Capital Management
29273R109,ENERGY TRANSFER PRTNRS L P,1,173476000.0,Appaloosa
832248207,Smithfield Foods Inc,1,172586000.0,Akre Capital Management
125269100,CF Industries Holdings Inc,1,171194000.0,Akre Capital Management
911312106,United Parcel Service Inc,1,168545000.0,Akre Capital Management
65336K103,Nexstar Media Group Inc,1,167229000.0,Akre Capital Management
013091103,Albertsons Cos Inc,1,161049000.0,Akre Capital Management
03743Q108,APA Corp,1,159043000.0,Akre Capital Management
31847R102,First American Financial Corp,1,158845000.0,Akre Capital Management
125523100,Cigna Group/The,1,158534000.0,Akre Capital Management
314211103,Federated Hermes Inc,1,158317000.0,Akre Capital Management
75886F107,Regeneron Pharmaceuticals Inc,1,157880000.0,Akre Capital Management
88076W103,Teradata Corp,1,157252000.0,Akre Capital Management
693656100,PVH Corp,1,156699000.0,Akre Capital Management
G4412G101,HERBALIFE LTD,2,156258000.0,Akre Capital Management; Baupost Group
12621E103,CNO Financial Group Inc,1,156006000.0,Akre Capital Management
457669307,Insmed Inc,1,151900000.0,Duquesne Family Office
64110D104,NetApp Inc,1,150962000.0,Akre Capital Management
00402L107,Academy Sports & Outdoors Inc,1,150955000.0,Akre Capital Management
29275Y102,EnerSys,1,147657000.0,Akre Capital Management
12514G108,Cdw Corp,2,145611000.0,Akre Capital Management; Duquesne Family Office
91307C102,United Therapeutics Corp,1,145411000.0,Akre Capital Management
370334104,General Mills Inc,1,144948000.0,Akre Capital Management
984245100,Ypf Sociedad Anonima,1,142726000.0,Duquesne Family Office
49456B101,KINDER MORGAN INC DEL,1,140924000.0,Appaloosa
741503403,PRICELINE GRP INC,1,140257000.0,Appaloosa
913903100,Universal Health Services Inc,1,140167000.0,Akre Capital Management
G3223R108,Everest Group Ltd,1,137980000.0,Akre Capital Management
64115T104,NetScout Systems Inc,1,137690000.0,Akre Capital Management
894164102,Travel Leisure Co,1,136564000.0,Akre Capital Management
889478103,Toll Brothers Inc,1,135632000.0,Akre Capital Management
26969P108,EAGLE MATLS INC,2,132422000.0,Appaloosa; Baupost Group
277432100,EASTMAN CHEM CO,2,129412000.0,Akre Capital Management; Appaloosa
665859104,Northern Trust Corp,1,126554000.0,Akre Capital Management
724479100,Pitney Bowes Inc,1,126153000.0,Akre Capital Management
83088M102,Skyworks Solutions Inc,1,125334000.0,Akre Capital Management
109696104,Brink's Co/The,1,124766000.0,Akre Capital Management
N20944109,CNH Industrial NV,1,124434000.0,Akre Capital Management
412822108,Harley-Davidson Inc,1,124282000.0,Akre Capital Management
G00349103,ABENGOA YIELD PLC,1,121599000.0,Appaloosa
70959W103,Penske Automotive Group Inc,1,121423000.0,Akre Capital Management
G81276100,Signet Jewelers Ltd,1,121417000.0,Akre Capital Management
G0896C103,Bbb Foods Inc,1,120915000.0,Duquesne Family Office
464286400,Ishares Inc,1,118548000.0,Duquesne Family Office
59156R108,MetLife Inc,1,117468000.0,Akre Capital Management
G3922B107,Genpact Ltd,1,117115000.0,Akre Capital Management
46817M107,Jackson Financial Inc,1,116904000.0,Akre Capital Management
71880K101,Phinia Inc,1,116208000.0,Akre Capital Management
G3398L118,Pelagos Insurance Capital Ltd,1,115997000.0,Akre Capital Management
045487105,Associated Banc-Corp,1,115823000.0,Akre Capital Management
26884U109,EPR Properties,1,114104000.0,Akre Capital Management
G7496G103,RenaissanceRe Holdings Ltd,1,113424000.0,Akre Capital Management
36165L108,GDS HLDGS LTD,1,113208000.0,Baupost Group
55087P104,Lyft Inc,1,112682000.0,Akre Capital Management
21036P108,Constellation Brands Inc,1,111851000.0,Akre Capital Management
016255101,Align Technology Inc,1,110567000.0,Akre Capital Management
Y7542C130,Scorpio Tankers Inc,1,110546000.0,Akre Capital Management
40637H109,Halozyme Therapeutics Inc,1,110381000.0,Akre Capital Management
446413106,Huntington Ingalls Industries Inc,1,109864000.0,Akre Capital Management
03064D108,AMERICOLD REALTY TRUST INC,1,107371000.0,Baupost Group
689648103,Otter Tail Corp,1,106758000.0,Akre Capital Management
G0692U109,Axis Capital Holdings Ltd,1,105431000.0,Akre Capital Management
N62509109,Newamsterdam Pharma Company,1,104047000.0,Duquesne Family Office
192446102,Cognizant Technology Solutions Corp,1,103677000.0,Akre Capital Management
086516101,Best Buy Co Inc,1,103628000.0,Akre Capital Management
159864107,Charles River Laboratories International Inc,1,103212000.0,Akre Capital Management
521865204,Lear Corp,1,102328000.0,Akre Capital Management
55261F104,M&T Bank Corp,1,101780000.0,Akre Capital Management
64132K201,NEUBASE THERAPEUTICS INC,3,100912000.0,Greenlight Capital
26875P101,EOG Resources Inc,1,100340000.0,Akre Capital Management
577081102,Mattel Inc,1,99657000.0,Akre Capital Management
84790A105,Spectrum Brands Holdings Inc,1,98125000.0,Akre Capital Management
98980L101,Zoom Communications Inc,1,97758000.0,Akre Capital Management
153527205,Central Garden & Pet Co,1,97476000.0,Akre Capital Management
832696405,J M Smucker Co/The,1,96905000.0,Akre Capital Management
680223104,Old Republic International Corp,1,96213000.0,Akre Capital Management
40416M105,HD SUPPLY HLDGS INC,1,96144000.0,Appaloosa
09062X103,Biogen Inc,1,95941000.0,Akre Capital Management
88104R100,TERRAFORM PWR INC,1,95608000.0,Appaloosa
20825C104,ConocoPhillips,1,95593000.0,Akre Capital Management
253651202,Diebold Nixdorf Inc,1,95342000.0,Akre Capital Management
134429109,Campbell's Company/The,1,95068000.0,Akre Capital Management
929089100,Voya Financial Inc,1,94596000.0,Akre Capital Management
G61188127,LIBERTY GLOBAL LTD,1,93975000.0,Baupost Group
382550101,GOODYEAR TIRE & RUBR CO,2,93269000.0,Akre Capital Management; Appaloosa
466313103,Jabil Inc,1,92652000.0,Akre Capital Management
256677105,Dollar General Corp,1,92422000.0,Akre Capital Management
833034101,Snap-on Inc,1,91003000.0,Akre Capital Management
534187109,Lincoln National Corp,1,89799000.0,Akre Capital Management
05329W102,AutoNation Inc,1,89441000.0,Akre Capital Management
281020107,Edison International,1,89340000.0,Akre Capital Management
40054J109,GRUPO AEROMEXICO SAB DE CV,1,87843000.0,Baupost Group
92763W103,Vipshop Holdings Ltd,1,86335000.0,Akre Capital Management
000957100,ABM Industries Inc,1,86096000.0,Akre Capital Management
318672706,First BanCorp/Puerto Rico,1,85887000.0,Akre Capital Management
959802109,Western Union Co/The,1,84524000.0,Akre Capital Management
G0772R208,Bank of NT Butterfield & Son Ltd/The,1,84353000.0,Akre Capital Management
071813109,Baxter International Inc,1,83464000.0,Akre Capital Management
047649108,Atkore Inc,1,83157000.0,Akre Capital Management
539830109,Lockheed Martin Corp,1,80911000.0,Akre Capital Management
928881101,Vontier Corp,1,80078000.0,Akre Capital Management
57686G105,Matson Inc,1,79676000.0,Akre Capital Management
67080N101,NUVATION BIO INC,2,78628000.0,Duquesne Family Office; Greenlight Capital
343928115,FLYEXCLUSIVE INC,1,77175000.0,Third Point
205887102,Conagra Brands Inc,1,76265000.0,Akre Capital Management
364760108,Gap Inc/The,1,76258000.0,Akre Capital Management
29272W109,Energizer Holdings Inc,1,75867000.0,Akre Capital Management
858119100,Steel Dynamics Inc,1,75162000.0,Akre Capital Management
413197104,Harmony Biosciences Holdings Inc,1,75050000.0,Akre Capital Management
00737L103,Covista Inc,1,74853000.0,Akre Capital Management
76155X100,Revolution Medicines Inc,1,74835000.0,Duquesne Family Office
693506107,PPG INDS INC,1,74229000.0,Appaloosa
031652100,Amkor Technology Inc,1,72795000.0,Akre Capital Management
127055101,Cabot Corp,1,72700000.0,Akre Capital Management
00162Q866,ALPS ETF TR,1,71406000.0,Appaloosa
719405102,Photronics Inc,1,71087000.0,Akre Capital Management
71363P106,Perdoceo Education Corp,1,70367000.0,Akre Capital Management
P16994132,Bladex Inc,1,70329000.0,Akre Capital Management
035710839,Annaly Capital Management Inc,1,68532000.0,Akre Capital Management
985817105,Yelp Inc,1,68100000.0,Akre Capital Management
N6596X109,NXP SEMICONDUCTORS N V,1,67400000.0,Appaloosa
62955J103,NOV Inc,1,66861000.0,Akre Capital Management
96949L105,WILLIAMS PARTNERS L P NEW,1,66065000.0,Appaloosa
67103X102,OFG Bancorp,1,65151000.0,Akre Capital Management
981475106,World Kinect Corp,1,64875000.0,Akre Capital Management
89832Q109,Truist Financial Corp,1,64024000.0,Akre Capital Management
79546E104,Sally Beauty Holdings Inc,1,63032000.0,Akre Capital Management
83545G102,Sonic Automotive Inc,1,62234000.0,Akre Capital Management
505336107,La-Z-Boy Inc,1,61807000.0,Akre Capital Management
093671105,H&R Block Inc,1,60623000.0,Akre Capital Management
871332102,Sylvamo Corp,1,59963000.0,Akre Capital Management
46591M109,JOYY Inc,1,59920000.0,Akre Capital Management
98850P109,Yum China Holdings Inc,1,58730000.0,Akre Capital Management
G47791101,INGERSOLL-RAND PLC,1,57721000.0,Appaloosa
018581108,Bread Financial Holdings Inc,1,57128000.0,Akre Capital Management
00971T101,Akamai Technologies Inc,1,56824000.0,Akre Capital Management
911363109,UNITED RENTALS INC,1,55569000.0,Appaloosa
48666K109,KB Home,1,54626000.0,Akre Capital Management
024013104,American Assets Trust Inc,1,54615000.0,Akre Capital Management
74319R101,PROG Holdings Inc,1,54381000.0,Akre Capital Management
167250109,CHICAGO BRIDGE & IRON CO N V,1,54239000.0,Appaloosa
314352105,Fedex Freight Holding Co Inc,1,53642000.0,Akre Capital Management
91688F104,Upwork Inc,1,53350000.0,Akre Capital Management
201723103,Commercial Metals Co,1,52960000.0,Akre Capital Management
458665304,Interface Inc,1,51511000.0,Akre Capital Management
380237107,GoDaddy Inc,1,51248000.0,Akre Capital Management
48123V102,Ziff Davis Inc,1,51019000.0,Akre Capital Management
68622V106,Organon & Co,1,50599000.0,Akre Capital Management
09061G101,BioMarin Pharmaceutical Inc,1,50451000.0,Akre Capital Management
103304101,Boyd Gaming Corp,1,50178000.0,Akre Capital Management
64828T201,Rithm Capital Corp,1,49988000.0,Akre Capital Management
319383204,First Busey Corp,1,49970000.0,Akre Capital Management
968223206,John Wiley & Sons Inc,1,49607000.0,Akre Capital Management
681936100,Omega Healthcare Investors Inc,1,49149000.0,Akre Capital Management
248019101,Deluxe Corp,1,49031000.0,Akre Capital Management
410120109,Hancock Whitney Corp,1,48822000.0,Akre Capital Management
337738108,Fiserv Inc,1,48549000.0,Akre Capital Management
G36738105,Del Monte Corp,1,48453000.0,Akre Capital Management
76009N100,Upbound Group Inc,1,48388000.0,Akre Capital Management
G1143H119,BITCOIN INFRASTRUCTURE ACQUI,1,47460000.0,Starboard Value
02553E106,American Eagle Outfitters Inc,1,47403000.0,Akre Capital Management
36237H101,G-III Apparel Group Ltd,1,47058000.0,Akre Capital Management
G0177J108,ALLERGAN PLC,1,46875000.0,Appaloosa
11120U105,Brixmor Property Group Inc,1,46832000.0,Akre Capital Management
N59465109,MYLAN N V,1,46162000.0,Appaloosa
02376R102,American Airlines Group Inc,1,46022000.0,Akre Capital Management
29249E109,Enact Holdings Inc,1,45951000.0,Akre Capital Management
806037107,ScanSource Inc,1,44652000.0,Akre Capital Management
G38644103,GigaCloud Technology Inc,1,44436000.0,Akre Capital Management
92936P100,WMIH CORP,1,43777000.0,Appaloosa
G0750C108,AXALTA COATING SYS LTD,1,43608000.0,Baupost Group
410495204,Hanmi Financial Corp,1,43224000.0,Akre Capital Management
827048109,Silgan Holdings Inc,1,42807000.0,Akre Capital Management
11135E203,Broadstone Net Lease Inc,1,42793000.0,Akre Capital Management
G3198U102,Essent Group Ltd,1,42758000.0,Akre Capital Management
743312100,Progress Software Corp,1,42383000.0,Akre Capital Management
50060P106,Koppers Holdings Inc,1,42290000.0,Akre Capital Management
15135B101,Centene Corp,1,42160000.0,Akre Capital Management
744320102,Prudential Financial Inc,1,42152000.0,Akre Capital Management
03784Y200,Apple Hospitality REIT Inc,1,42132000.0,Akre Capital Management
45579U109,Indivior Pharmaceuticals Inc,1,42044000.0,Akre Capital Management
149150104,Cathay General Bancorp,1,42042000.0,Akre Capital Management
86272C103,Strategic Education Inc,1,41990000.0,Akre Capital Management
902973304,US Bancorp,1,41150000.0,Akre Capital Management
36467J108,Gaming and Leisure Properties Inc,1,40767000.0,Akre Capital Management
88025T102,Tenable Holdings Inc,1,40077000.0,Akre Capital Management
697435105,Palo Alto Networks Inc,1,39780000.0,Duquesne Family Office
185899101,Cleveland-Cliffs Inc New,1,39590000.0,Duquesne Family Office
75281A109,RANGE RES CORP,1,39535000.0,Appaloosa
222795502,Cousins Properties Inc,1,39031000.0,Akre Capital Management
431284108,Highwoods Properties Inc,1,38511000.0,Akre Capital Management
98980F104,ZoomInfo Technologies Inc,1,37586000.0,Akre Capital Management
393657101,Greenbrier Cos Inc/The,1,37474000.0,Akre Capital Management
525327102,Leidos Holdings Inc,1,37090000.0,Akre Capital Management
28035Q102,Edgewell Personal Care Co,1,36941000.0,Akre Capital Management
27579R104,East West Bancorp Inc,1,36859000.0,Akre Capital Management
67011P100,DNOW INC,1,36160000.0,Baupost Group
896818101,TRIUMPH GROUP INC NEW,1,35658000.0,Appaloosa
577933104,Maximus Inc,1,35368000.0,Akre Capital Management
56418H100,ManpowerGroup Inc,1,35217000.0,Akre Capital Management
720190206,Piedmont Realty Trust Inc,1,35094000.0,Akre Capital Management
146229109,Carter's Inc,1,34919000.0,Akre Capital Management
23355L106,DXC Technology Co,1,34058000.0,Akre Capital Management
302520101,FNB Corp/PA,1,34010000.0,Akre Capital Management
626717102,Murphy Oil Corp,1,33873000.0,Akre Capital Management
759351604,Reinsurance Group of America Inc,1,33833000.0,Akre Capital Management
303075105,FactSet Research Systems Inc,1,33743000.0,Akre Capital Management
53815P108,LiveRamp Holdings Inc,1,33738000.0,Akre Capital Management
20848V105,Consensus Cloud Solutions Inc,1,31802000.0,Akre Capital Management
197236102,Columbia Banking System Inc,1,31434000.0,Akre Capital Management
845467109,SOUTHWESTERN ENERGY CO,1,31168000.0,Appaloosa
58502B106,Pediatrix Medical Group Inc,1,30201000.0,Akre Capital Management
37950E259,Global X Fds,1,30019000.0,Duquesne Family Office
320218100,First Financial Corp,1,30013000.0,Akre Capital Management
G2519Y108,Credicorp Ltd,1,29998000.0,Akre Capital Management
35137L204,Fox Corp,1,29631000.0,Duquesne Family Office
398905109,Group 1 Automotive Inc,1,29630000.0,Akre Capital Management
358054104,Freshworks Inc,1,29581000.0,Akre Capital Management
489170100,Kennametal Inc,1,29386000.0,Akre Capital Management
058498106,Ball Corp,1,29322000.0,Akre Capital Management
N4732M103,Jbs N.V.,2,28738000.0,Akre Capital Management; Duquesne Family Office
766559702,Rigel Pharmaceuticals Inc,1,28232000.0,Akre Capital Management
M8744T106,Taboola.com Ltd,1,28097000.0,Akre Capital Management
G68707101,Pagseguro Digital Ltd,1,27647000.0,Akre Capital Management
82900L102,Simply Good Foods Co/The,1,27329000.0,Akre Capital Management
369550108,General Dynamics Corp,1,27230000.0,Akre Capital Management
667746101,NWPX Infrastructure Inc,1,26725000.0,Akre Capital Management
74965L101,RLJ Lodging Trust,1,26628000.0,Akre Capital Management
203668108,COMMUNITY HEALTH SYS INC NEW,1,26530000.0,Appaloosa
984017103,Xenia Hotels & Resorts Inc,1,26366000.0,Akre Capital Management
69888T207,Par Pacific Holdings Inc,1,26105000.0,Akre Capital Management
06417N103,Bank OZK,1,25998000.0,Akre Capital Management
37940X102,Global Payments Inc,1,25889000.0,Akre Capital Management
74340E103,Progyny Inc,1,25821000.0,Akre Capital Management
500255104,Kohl's Corp,1,25196000.0,Akre Capital Management
127097103,CABOT OIL & GAS CORP,1,24562000.0,Appaloosa
149568107,Cavco Inds Inc Del,1,24268000.0,Duquesne Family Office
124830878,CBL & Associates Properties Inc,1,24005000.0,Akre Capital Management
070830104,Bath & Body Works Inc,1,23997000.0,Akre Capital Management
154760409,Central Pacific Financial Corp,1,23498000.0,Akre Capital Management
000899104,Adma Biologics Inc,1,23303000.0,Duquesne Family Office
360271100,Fulton Financial Corp,1,23149000.0,Akre Capital Management
825690100,Shutterstock Inc,1,23065000.0,Akre Capital Management
970646105,Willis Lease Finance Corp,1,22972000.0,Akre Capital Management
750917106,Rambus Inc Del,1,22964000.0,Duquesne Family Office
674215207,Chord Energy Corp,1,22883000.0,Akre Capital Management
76243J105,Rhythm Pharmaceuticals Inc,1,22608000.0,Duquesne Family Office
830830105,Champion Homes Inc,1,22418000.0,Duquesne Family Office
037598109,Apogee Enterprises Inc,1,22415000.0,Akre Capital Management
254423106,Dine Brands Global Inc,1,22333000.0,Akre Capital Management
57164Y107,Marriott Vacations Worldwide Corp,1,22083000.0,Akre Capital Management
234264109,Daktronics Inc,1,21968000.0,Duquesne Family Office
919794107,Valley National Bancorp,1,21966000.0,Akre Capital Management
74623V103,Purecycle Technologies Inc,1,21746000.0,Duquesne Family Office
68287N100,OneSpan Inc,1,21567000.0,Akre Capital Management
647551100,New Mountain Finance Corp,1,21515000.0,Akre Capital Management
84265V105,Southern Copper Corp,1,21444000.0,Duquesne Family Office
29362U104,Entegris Inc,1,21277000.0,Duquesne Family Office
05379B107,Avista Corp,1,21061000.0,Akre Capital Management
13057Q305,California Resources Corp,1,20878000.0,Akre Capital Management
958102105,Western Digital Corp,1,20861000.0,Akre Capital Management
423403104,Hello Group Inc,1,20849000.0,Akre Capital Management
143905107,Carriage Services Inc,1,20816000.0,Akre Capital Management
126117100,CNA Financial Corp,1,20757000.0,Akre Capital Management
603158106,Minerals Technologies Inc,1,20750000.0,Akre Capital Management
00835Q202,Aeva Technologies Inc,1,20683000.0,Duquesne Family Office
43940T109,Hope Bancorp Inc,1,20610000.0,Akre Capital Management
315616102,F5 Inc,2,20556000.0,Akre Capital Management; Duquesne Family Office
16934Q802,Chimera Investment Corp,1,20273000.0,Akre Capital Management
398433102,Griffon Corp,1,19957000.0,Akre Capital Management
92214X106,Varex Imaging Corp,1,19504000.0,Akre Capital Management
204149108,Community Trust Bancorp Inc,1,19261000.0,Akre Capital Management
59001A102,Meritage Homes Corp,1,18782000.0,Akre Capital Management
05156V102,Aurinia Pharmaceuticals Inc,1,18318000.0,Akre Capital Management
011659109,Alaska Air Group Inc,1,18108000.0,Akre Capital Management
92839U206,Visteon Corp,1,17739000.0,Akre Capital Management
25179M103,Devon Energy Corp,1,17587000.0,Akre Capital Management
67098H104,O-I Glass Inc,1,17524000.0,Akre Capital Management
486606106,KAYNE ANDERSON MLP INVT CO,1,17464000.0,Appaloosa
747619104,Quanex Building Products Corp,1,17180000.0,Akre Capital Management
830879102,SkyWest Inc,1,17017000.0,Akre Capital Management
24477V105,Definium Therapeutics Inc,1,16774000.0,Duquesne Family Office
26884L109,EQT CORP,1,16672000.0,Appaloosa
61945C103,Mosaic Co/The,1,16544000.0,Akre Capital Management
628464109,Myers Industries Inc,1,16364000.0,Akre Capital Management
07782B104,Belite Bio Inc Sponsored,1,16338000.0,Duquesne Family Office
925283103,Versant Media Group Inc,1,16265000.0,Akre Capital Management
587376104,Mercantile Bank Corp,1,16123000.0,Akre Capital Management
46137V357,Invesco Exchange Traded Fd T,1,15830000.0,Duquesne Family Office
69553P100,PagerDuty Inc,1,15692000.0,Akre Capital Management
98956P102,Zimmer Biomet Holdings Inc,1,15553000.0,Akre Capital Management
88025U109,10X Genomics Inc,1,15455000.0,Duquesne Family Office
695127100,Pacira BioSciences Inc,1,15434000.0,Akre Capital Management
929740108,Wabtec,1,15258000.0,Duquesne Family Office
917047102,Urban Outfitters Inc,1,15049000.0,Akre Capital Management
38246G108,GoodRx Holdings Inc,1,14851000.0,Akre Capital Management
12653C108,CNX Resources Corp,1,14558000.0,Akre Capital Management
M6158M104,Ituran Location and Control Ltd,1,14506000.0,Akre Capital Management
98420N105,Xenon Pharmaceuticals Inc,1,14402000.0,Duquesne Family Office
87357P100,Tactile Systems Technology Inc,1,14292000.0,Akre Capital Management
29089Q105,Emergent BioSolutions Inc,1,14211000.0,Akre Capital Management
608190104,Mohawk Industries Inc,1,14208000.0,Akre Capital Management
03937C105,ArcBest Corp,1,14081000.0,Akre Capital Management
75902K106,Regional Management Corp,1,14075000.0,Akre Capital Management
022671101,Amalgamated Financial Corp,1,14030000.0,Akre Capital Management
78467J100,SS&C Technologies Holdings Inc,1,14023000.0,Akre Capital Management
453838609,Independent Bank Corp/MI,1,14006000.0,Akre Capital Management
72815L107,Playtika Holding Corp,1,13830000.0,Akre Capital Management
938824109,WaFd Inc,1,13706000.0,Akre Capital Management
891092108,Toro Co/The,1,13628000.0,Akre Capital Management
926400102,Victoria's Secret & Co,1,13616000.0,Akre Capital Management
83012A109,Sixth Street Specialty Lending Inc,1,13549000.0,Akre Capital Management
Y62132108,Navigator Holdings Ltd,1,13454000.0,Akre Capital Management
723484101,Pinnacle West Capital Corp,1,13323000.0,Akre Capital Management
703481101,Patterson-UTI Energy Inc,1,13199000.0,Akre Capital Management
207410101,CONMED Corp,1,13171000.0,Akre Capital Management
74587V107,Puma Biotechnology Inc,1,13122000.0,Akre Capital Management
876030107,Tapestry Inc,1,13044000.0,Akre Capital Management
03209R103,Amphastar Pharmaceuticals Inc,1,12956000.0,Akre Capital Management
71531U102,PERSHING SQUARE INC,1,12881000.0,Baupost Group
704551100,Peabody Energy Corp,1,12559000.0,Akre Capital Management
19459J104,Collegium Pharmaceutical Inc,1,12471000.0,Akre Capital Management
982104101,Worthington Steel Inc,1,12393000.0,Akre Capital Management
601137102,Millrose Properties Inc,1,12362000.0,Akre Capital Management
68062P106,Olema Pharmaceuticals Inc,1,12345000.0,Duquesne Family Office
03674X106,ANTERO RES CORP,1,12153000.0,Appaloosa
419596101,Haverty Furniture Cos Inc,1,12136000.0,Akre Capital Management
00081T108,ACCO Brands Corp,1,12054000.0,Akre Capital Management
117043109,Brunswick Corp/DE,1,12046000.0,Akre Capital Management
824889109,Shoe Station Group Inc,1,11965000.0,Akre Capital Management
910873405,United Microelectronics Corp,1,11813000.0,Akre Capital Management
597742105,Midland States Bancorp Inc,1,11811000.0,Akre Capital Management
700517105,Park Hotels & Resorts Inc,1,11648000.0,Akre Capital Management
69320M109,PCB Bancorp,1,11617000.0,Akre Capital Management
747301109,Quad/Graphics Inc,1,11579000.0,Akre Capital Management
141788109,Cargurus Inc,1,11567000.0,Akre Capital Management
456237106,Industrial Logistics Properties Trust,1,11451000.0,Akre Capital Management
302635206,FS KKR Capital Corp,1,11394000.0,Akre Capital Management
981811102,Worthington Enterprises Inc,1,11351000.0,Akre Capital Management
91359V107,Universal Insurance Holdings Inc,1,11345000.0,Akre Capital Management
293389102,Ennis Inc,1,11268000.0,Akre Capital Management
G39108108,Gates Industrial Corp PLC,1,11003000.0,Akre Capital Management
00773T101,AdvanSix Inc,1,10910000.0,Akre Capital Management
05990K106,Banc of California Inc,1,10899000.0,Akre Capital Management
133034108,Camden National Corp,1,10882000.0,Akre Capital Management
390905107,Great Southern Bancorp Inc,1,10843000.0,Akre Capital Management
G27907107,Dole PLC,1,10722000.0,Akre Capital Management
69047Q102,Ovintiv Inc,1,10667000.0,Akre Capital Management
077454106,Belden Inc,1,10641000.0,Akre Capital Management
759916109,Repligen Corp,1,10560000.0,Duquesne Family Office
517834107,Las Vegas Sands Corp,1,10545000.0,Akre Capital Management
77311W101,Rocket Cos Inc,1,10272000.0,Duquesne Family Office
F21107101,Constellium SE,1,10208000.0,Akre Capital Management
76665T102,Riley Exploration Permian Inc,1,10112000.0,Akre Capital Management
056752108,Baidu Inc,1,10080000.0,Duquesne Family Office
Y7388L103,Safe Bulkers Inc,1,9974000.0,Akre Capital Management
042068205,Arm Holdings Plc,1,9960000.0,Duquesne Family Office
04010L103,Ares Capital Corp,1,9943000.0,Akre Capital Management
410867105,Hanover Insurance Group Inc/The,1,9850000.0,Akre Capital Management
013872106,Alcoa Corp,1,9679000.0,Duquesne Family Office
30161N101,Exelon Corp,1,9538000.0,Akre Capital Management
683712129,OPENDOOR TECHNOLOGIES INC,1,9439000.0,Soros Fund Management
34964C106,Fortune Brands Innovations Inc,1,9410000.0,Akre Capital Management
461202103,Intuit Inc,1,9396000.0,Akre Capital Management
320209109,First Financial Bancorp,1,9283000.0,Akre Capital Management
92242T101,V2X Inc,1,9275000.0,Akre Capital Management
22948Q101,CTO Realty Growth Inc,1,9060000.0,Akre Capital Management
722304102,PDD Holdings Inc,1,8948000.0,Akre Capital Management
319390100,First Business Financial Services Inc,1,8909000.0,Akre Capital Management
500643200,Korn Ferry,1,8894000.0,Akre Capital Management
758075402,Redwood Trust Inc,1,8765000.0,Akre Capital Management
G21810109,Clarivate PLC,1,8739000.0,Akre Capital Management
25659T107,Dolby Laboratories Inc,1,8723000.0,Akre Capital Management
37959E102,Globe Life Inc,1,8682000.0,Akre Capital Management
516544103,Lantheus Holdings Inc,1,8476000.0,Akre Capital Management
374297109,Getty Realty Corp,1,8352000.0,Akre Capital Management
466367109,Jack in the Box Inc,1,8148000.0,Akre Capital Management
252784301,DiamondRock Hospitality Co,1,8053000.0,Akre Capital Management
83056P715,Skeena Res Ltd New,1,8003000.0,Duquesne Family Office
737446104,Post Holdings Inc,1,7935000.0,Akre Capital Management
09739D100,Boise Cascade Co,1,7918000.0,Akre Capital Management
45781V101,Innovative Industrial Properties Inc,1,7884000.0,Akre Capital Management
675234108,OceanFirst Financial Corp,1,7675000.0,Akre Capital Management
753422104,Rapid7 Inc,1,7665000.0,Akre Capital Management
626755102,Murphy USA Inc,1,7641000.0,Akre Capital Management
011642105,Alarm.com Holdings Inc,1,7634000.0,Akre Capital Management
17243V102,Cinemark Holdings Inc,1,7552000.0,Akre Capital Management
20337X109,Vistance Networks Inc,1,7530000.0,Akre Capital Management
664121100,Northeast Community Bancorp Inc,1,7440000.0,Akre Capital Management
Y41053102,International Seaways Inc,1,7383000.0,Akre Capital Management
78573L106,Sabra Health Care REIT Inc,1,7340000.0,Akre Capital Management
61225M102,Monte Rosa Therapeutics Inc,1,7202000.0,Duquesne Family Office
317585404,Financial Institutions Inc,1,7007000.0,Akre Capital Management
910340108,United Fire Group Inc,1,6712000.0,Akre Capital Management
75943R102,Relay Therapeutics Inc,1,6530000.0,Duquesne Family Office
Y8565J101,TEEKAY OFFSHORE PARTNERS L P,1,6480000.0,Appaloosa
80007P869,SandRidge Energy Inc,1,6462000.0,Akre Capital Management
63938C108,Navient Corp,1,6395000.0,Akre Capital Management
488152208,Kelly Services Inc,1,6337000.0,Akre Capital Management
23306J309,Dbv Technologies S A Sponsored,1,6287000.0,Duquesne Family Office
G8192H106,SiriusPoint Ltd,1,6191000.0,Akre Capital Management
12510Q100,Ccc Intelligent Solutions Hl,1,6042000.0,Duquesne Family Office
67080N119,NUVATION BIO INC,1,6000000.0,Greenlight Capital
G5698W116,Luxfer Holdings PLC,1,5971000.0,Akre Capital Management
774515100,Rocky Brands Inc,1,5965000.0,Akre Capital Management
666762109,Northrim BanCorp Inc,1,5963000.0,Akre Capital Management
589400100,Mercury General Corp,1,5939000.0,Akre Capital Management
34959J108,Fortive Corp,1,5926000.0,Akre Capital Management
20602D101,Concentrix Corp,1,5923000.0,Akre Capital Management
91823B109,Uwm Holdings Corporation,1,5915000.0,Duquesne Family Office
14057J101,Capitol Federal Financial Inc,1,5841000.0,Akre Capital Management
00164V103,AMC Global Media Inc,1,5776000.0,Akre Capital Management
37954A303,Chiron Real Estate Inc,1,5723000.0,Akre Capital Management
256746108,Dollar Tree Inc,1,5648000.0,Akre Capital Management
224441105,Crane NXT Co,1,5638000.0,Akre Capital Management
30040P103,EVERTEC Inc,1,5635000.0,Akre Capital Management
55272X607,MFA Financial Inc,1,5622000.0,Akre Capital Management
63942X106,Navitas Semiconductor Corp,1,5575000.0,Duquesne Family Office
83443Q103,Solstice Advanced Matls Inc,1,5540000.0,Duquesne Family Office
667340103,Northwest Bancshares Inc,1,5500000.0,Akre Capital Management
088606108,BHP Group Ltd,1,5465000.0,Akre Capital Management
700666100,Park-Ohio Holdings Corp,1,5457000.0,Akre Capital Management
38173M102,Golub Capital BDC Inc,1,5279000.0,Akre Capital Management
07373V105,Beam Therapeutics Inc,1,5272000.0,Duquesne Family Office
693475105,PNC Financial Services Group Inc/The,1,5269000.0,Akre Capital Management
505743104,Ladder Capital Corp,1,5252000.0,Akre Capital Management
709789101,Peoples Bancorp Inc/OH,1,5227000.0,Akre Capital Management
74930B105,RBB Bancorp,1,5225000.0,Akre Capital Management
68268W103,OneMain Holdings Inc,1,5158000.0,Akre Capital Management
783859101,S&T Bancorp Inc,1,5112000.0,Akre Capital Management
138006309,Canon Inc,1,5049000.0,Akre Capital Management
294821608,Telefonaktiebolaget LM Ericsson,1,4983000.0,Akre Capital Management
438128308,Honda Motor Co Ltd,1,4963000.0,Akre Capital Management
14575E105,Cars.com Inc,1,4952000.0,Akre Capital Management
149123101,Caterpillar Inc,1,4810000.0,Akre Capital Management
825107105,Shore Bancshares Inc,1,4704000.0,Akre Capital Management
120076104,Build-A-Bear Workshop Inc,1,4702000.0,Akre Capital Management
054540208,Axcelis Technologies Inc,1,4660000.0,Akre Capital Management
708062104,PennantPark Investment Corp,1,4654000.0,Akre Capital Management
37045V118,GENERAL MTRS CO,1,4632000.0,Appaloosa
646025106,New Jersey Resources Corp,1,4303000.0,Akre Capital Management
309627107,Farmers National Banc Corp,1,4218000.0,Akre Capital Management
900450206,Turtle Beach Corp,1,4194000.0,Akre Capital Management
71742Q106,Phibro Animal Health Corp,1,4186000.0,Akre Capital Management
199333105,Columbus McKinnon Corp/NY,1,4105000.0,Akre Capital Management
06654A103,Bankwell Financial Group Inc,1,4089000.0,Akre Capital Management
97651M109,Wipro Ltd,1,4001000.0,Akre Capital Management
Q4982L109,Iren Limited,1,3983000.0,Duquesne Family Office
297602104,Ethan Allen Interiors Inc,1,3925000.0,Akre Capital Management
457985208,Integra LifeSciences Holdings Corp,1,3910000.0,Akre Capital Management
927107409,Village Super Market Inc,1,3905000.0,Akre Capital Management
00183L201,Angi Inc,1,3895000.0,Akre Capital Management
25960R105,Douglas Dynamics Inc,1,3857000.0,Akre Capital Management
066849100,Bar Harbor Bankshares,1,3804000.0,Akre Capital Management
872280102,Carlyle Secured Lending Inc,1,3708000.0,Akre Capital Management
10482B101,Braemar Hotels & Resorts Inc,1,3694000.0,Akre Capital Management
105368203,Brandywine Realty Trust,1,3624000.0,Akre Capital Management
11040G103,Bristow Group Inc,1,3607000.0,Akre Capital Management
86722A103,SunCoke Energy Inc,1,3604000.0,Akre Capital Management
376536108,Gladstone Commercial Corp,1,3587000.0,Akre Capital Management
319829107,First Commonwealth Financial Corp,1,3517000.0,Akre Capital Management
178867107,Civista Bancshares Inc,1,3463000.0,Akre Capital Management
47103N106,Janus International Group Inc,1,3454000.0,Akre Capital Management
26441C204,Duke Energy Corp,1,3445000.0,Akre Capital Management
890110109,Tompkins Financial Corp,1,3441000.0,Akre Capital Management
767204100,Rio Tinto PLC,1,3431000.0,Akre Capital Management
03168L105,Amneal Pharmaceuticals Inc,1,3415000.0,Akre Capital Management
G3265R107,Aptiv PLC,1,3408000.0,Akre Capital Management
404280406,HSBC Holdings PLC,1,3407000.0,Akre Capital Management
M8T80P204,Nexxen International Ltd,1,3377000.0,Akre Capital Management
043436104,Asbury Automotive Group Inc,1,3358000.0,Akre Capital Management
37892E102,Global Industrial Co,1,3327000.0,Akre Capital Management
81761L102,Emirate of Abu Dhabi,1,3311000.0,Akre Capital Management
66765N105,Northwest Natural Holding Co,1,3297000.0,Akre Capital Management
Y8564M105,TEEKAY LNG PARTNERS L P,1,3288000.0,Appaloosa
37045V126,GENERAL MTRS CO,1,3109000.0,Appaloosa
399909100,Grupo Financiero Galicia S.A,1,2977000.0,Duquesne Family Office
47012E403,JAKKS Pacific Inc,1,2938000.0,Akre Capital Management
82620P102,Sierra Bancorp,1,2878000.0,Akre Capital Management
456788108,Infosys Ltd,1,2867000.0,Akre Capital Management
42250P103,Healthpeak Properties Inc,1,2853000.0,Akre Capital Management
05366Y201,Aviat Networks Inc,1,2840000.0,Akre Capital Management
12466Q104,C&F Financial Corp,1,2789000.0,Akre Capital Management
126600105,CVB Financial Corp,1,2771000.0,Akre Capital Management
07556Q881,Beazer Homes USA Inc,1,2756000.0,Akre Capital Management
Y1968P121,Danaos Corp,1,2752000.0,Akre Capital Management
07272M107,BayCom Corp,1,2751000.0,Akre Capital Management
20369C106,Community Healthcare Trust Inc,1,2698000.0,Akre Capital Management
78440P306,SK Telecom Co Ltd,1,2676000.0,Akre Capital Management
43689E107,Home Bancorp Inc,1,2653000.0,Akre Capital Management
001228501,TPG Mortgage Investment Trust Inc,1,2530000.0,Akre Capital Management
591520200,"Methode Electronics, Inc.",1,2479000.0,Akre Capital Management
04208T108,AH Realty Trust Inc,1,2478000.0,Akre Capital Management
940610108,Washington Trust Bancorp Inc,1,2466000.0,Akre Capital Management
339382103,Flexsteel Industries Inc,1,2458000.0,Akre Capital Management
493732101,Kforce Inc,1,2438000.0,Akre Capital Management
17259U204,CION Investment Corp,1,2414000.0,Akre Capital Management
G2004J103,Carnival Corp Ltd,1,2394000.0,Akre Capital Management
806407102,Henry Schein Inc,1,2347000.0,Akre Capital Management
55939A107,Magnera Corp,1,2346000.0,Akre Capital Management
150870103,Celanese Corp,1,2341000.0,Akre Capital Management
16208T102,Chatham Lodging Trust,1,2326000.0,Akre Capital Management
55305B101,M/I Homes Inc,1,2315000.0,Akre Capital Management
45765U103,Insight Enterprises Inc,1,2311000.0,Akre Capital Management
443573100,HubSpot Inc,1,2245000.0,Akre Capital Management
872590104,T-Mobile US Inc,1,2231000.0,Akre Capital Management
731068102,Polaris Inc,1,2201000.0,Akre Capital Management
81282V100,United Parks & Resorts Inc,1,2201000.0,Akre Capital Management
126128107,CNB Financial Corp/PA,1,2191000.0,Akre Capital Management
705573103,Pegasystems Inc,1,2161000.0,Akre Capital Management
256135203,Dr Reddy's Laboratories Ltd,1,2127000.0,Akre Capital Management
G4388N106,Helen of Troy Ltd,1,2125000.0,Akre Capital Management
F92124100,TotalEnergies SE,1,2107000.0,Akre Capital Management
807066105,Scholastic Corp,1,2106000.0,Akre Capital Management
191241108,Coca-Cola Femsa SAB de CV,1,2104000.0,Akre Capital Management
68404L201,Option Care Health Inc,1,2089000.0,Akre Capital Management
G8060N102,Sensata Technologies Holding PLC,1,2038000.0,Akre Capital Management
M5425M103,Inmode Ltd,1,2019000.0,Akre Capital Management
01748X102,Allegiant Travel Co,1,1968000.0,Akre Capital Management
98421M106,Xerox Holdings Corp,1,1887000.0,Akre Capital Management
12135Y108,Burke & Herbert Financial Services Corp,1,1883000.0,Akre Capital Management
12634H200,CPI Card Group Inc,1,1837000.0,Akre Capital Management
03980N107,Ardent Health Inc,1,1834000.0,Akre Capital Management
034164103,Andersons Inc/The,1,1833000.0,Akre Capital Management
691497309,Oxford Industries Inc,1,1824000.0,Akre Capital Management
866082100,Summit Hotel Properties Inc,1,1811000.0,Akre Capital Management
800422107,John B Sanfilippo & Son Inc,1,1780000.0,Akre Capital Management
652526203,NewtekOne Inc,1,1748000.0,Akre Capital Management
501889208,LKQ Corp,1,1735000.0,Akre Capital Management
413160102,Harmonic Inc,1,1700000.0,Akre Capital Management
26874R108,Eni SpA,1,1682000.0,Akre Capital Management
826917106,SIGA Technologies Inc,1,1679000.0,Akre Capital Management
67401P405,Oaktree Specialty Lending Corp,1,1671000.0,Akre Capital Management
253393102,Dick's Sporting Goods Inc,1,1656000.0,Akre Capital Management
678026105,Oil States International Inc,1,1613000.0,Akre Capital Management
379378201,Global Net Lease Inc,1,1596000.0,Akre Capital Management
63886Q109,Natural Gas Services Group Inc,1,1596000.0,Akre Capital Management
29082K105,Embecta Corp,1,1544000.0,Akre Capital Management
749360400,RCM Technologies Inc,1,1540000.0,Akre Capital Management
452327109,Illumina Inc,1,1530000.0,Akre Capital Management
45781M101,Innoviva Inc,1,1506000.0,Akre Capital Management
46005L101,International Money Express Inc,1,1500000.0,Akre Capital Management
740367404,Preferred Bank/Los Angeles CA,1,1490000.0,Akre Capital Management
759509102,Reliance Inc,1,1457000.0,Akre Capital Management
G97822103,Perrigo Co PLC,1,1391000.0,Akre Capital Management
09259E108,BlackRock TCP Capital Corp,1,1378000.0,Akre Capital Management
48241A105,KB Financial Group Inc,1,1377000.0,Akre Capital Management
58958P104,Meridian Corp,1,1347000.0,Akre Capital Management
Y1771G102,Costamare Inc,1,1343000.0,Akre Capital Management
37733W204,GSK PLC,1,1311000.0,Akre Capital Management
89147L100,TORTOISE ENERGY INFRSTRCTR C,1,1310000.0,Appaloosa
46333X108,Ironwood Pharmaceuticals Inc,1,1298000.0,Akre Capital Management
404609109,Hackett Group Inc/The,1,1290000.0,Akre Capital Management
00182C103,ANI Pharmaceuticals Inc,1,1283000.0,Akre Capital Management
780259305,Shell PLC,1,1279000.0,Akre Capital Management
687380105,Orrstown Financial Services Inc,1,1253000.0,Akre Capital Management
917488108,Utah Medical Products Inc,1,1239000.0,Akre Capital Management
892331307,Toyota Motor Corp,1,1228000.0,Akre Capital Management
74179A107,Princeton Bancorp Inc,1,1220000.0,Akre Capital Management
184692101,CLEARBRIDGE ENERGY MLP FD IN,1,1189000.0,Appaloosa
298736109,Euronet Worldwide Inc,1,1091000.0,Akre Capital Management
31866P102,First Bancorp Inc/The,1,1086000.0,Akre Capital Management
33741H107,First United Corp,1,1059000.0,Akre Capital Management
164024101,Chemung Financial Corp,1,1059000.0,Akre Capital Management
024061103,Dauch Corp,1,1047000.0,Akre Capital Management
12685J105,Cable One Inc,1,1029000.0,Akre Capital Management
G8726T105,Teekay Corp Ltd,1,1026000.0,Akre Capital Management
742718109,Procter & Gamble Co/The,1,1026000.0,Akre Capital Management
20786W107,ConnectOne Bancorp Inc,1,1007000.0,Akre Capital Management
Y95308105,Wave Life Sciences Ltd,1,1005000.0,Duquesne Family Office
L44385109,Globant SA,1,1001000.0,Akre Capital Management
