ticker,cash,totalDebt,netCash,currentRatio,quickRatio,debtToEquity,freeCashFlow,sharesOutCurrent,sharesOut1Y,sharesOut3Y,shareCountGrowth1Y,shareCountGrowth3Y,stockBasedComp,revenue,sbcToRevenue,balanceSheetRiskScore,dilutionRiskScore
A,1807000064.0,3542000128.0,-1735000064.0,2.099,1.457,49.733,930625024.0,282431944.0,285193011.0,295000000.0,-0.009681397837620922,-0.04260357966101695,128000000.0,6948000000.0,0.018422567645365574,69.0,10.0
AA,1352999936.0,2551000064.0,-1198000128.0,1.484,0.72,37.019,1087374976.0,263891991.0,258360908.0,176969091.0,0.02140835872894517,0.4911756030887902,41000000.0,12831000000.0,0.0031953861741095785,52.0,43.3
AAPL,68507000832.0,84710998016.0,-16203997184.0,1.07,0.906,79.548,101090746368.0,14687356000.0,15116786000.0,15943425000.0,-0.028407493497625752,-0.0787828838533753,12863000000.0,416161000000.0,0.030908710811440764,58.0,18.3
ABAT,37685028.0,220589.0,37464439.0,8.118,6.909,0.196,-580404.0,136414409.0,64061763.0,42942575.0,1.1294201503633299,2.1766704488494226,14653807.0,4290224.0,3.415627482387866,87.0,90.0
ABBNY,5926000128.0,9176999936.0,-3250999808.0,1.376,0.793,59.719,475500000.0,1814824023.0,1838192288.0,1865003331.0,-0.012712633576232259,-0.026905747119011447,,33220000000.0,,58.0,5.0
ABBV,9390999552.0,72912003072.0,-63521003520.0,0.796,0.519,,20811624448.0,1766792821.0,1765256986.0,1769181294.0,0.0008700347950357863,-0.0013500442312499377,955000000.0,61160000000.0,0.015614780902550687,50.0,13.3
ABCL,504732000.0,140178000.0,364554000.0,14.052,12.291,14.943,-114039248.0,305375393.0,295757002.0,286851595.0,0.03252126216778462,0.06457624194141225,55792000.0,75128000.0,0.7426259184325418,72.0,63.3
ABSI,125705000.0,4415000.0,121290000.0,6.589,6.276,2.567,-41475376.0,169400333.0,115362265.0,92411103.0,0.4684206573093897,0.8331166656456854,18321000.0,2800000.0,6.543214285714286,72.0,90.0
ABT,7295000064.0,34136000512.0,-26841000448.0,1.388,0.844,64.773,6341125120.0,1741813154.0,1731697991.0,1737795021.0,0.00584118192235057,0.002312201929136497,664000000.0,44328000000.0,0.014979245623533657,58.0,16.7
ACGL,3620999936.0,2728999936.0,892000000.0,0.566,0.269,11.282,5276125184.0,349389588.0,376400000.0,370345997.0,-0.0717598618490967,-0.05658602811899706,148000000.0,19294000000.0,0.0076707784803565875,57.0,5.0
ACHR,1775900032.0,121800000.0,1654100032.0,18.059,16.881,5.857,-417224992.0,762864879.0,503777464.0,241638935.0,0.5142894105322663,2.157044534234518,223500000.0,300000.0,745.0,72.0,90.0
ACLS,366600000.0,70504000.0,296096000.0,4.589,2.591,6.749,49110624.0,30733897.0,32365000.0,32775000.0,-0.05039712652556774,-0.06227621662852784,20773000.0,839048000.0,0.02475782076829931,85.0,10.0
ACN,10171567104.0,8388769792.0,1782797312.0,1.339,1.213,25.035,12089380864.0,611942109.0,625280287.0,631167579.0,-0.02133151848428575,-0.030460167219710756,2093878000.0,69672977000.0,0.03005294290783642,74.0,18.3
ADBE,5625999872.0,7077000192.0,-1451000320.0,0.751,0.631,61.443,9218374656.0,397500000.0,441000000.0,462000000.0,-0.09863945578231292,-0.1396103896103896,1942000000.0,23769000000.0,0.08170305860574698,45.0,26.7
ADCT,231008000.0,436260000.0,-205252000.0,4.093,3.875,,-74853000.0,127191158.0,98861402.0,80642527.0,0.28656033018831756,0.5772218794681372,6905000.0,81357000.0,0.08487284437725089,68.8,83.3
ADI,3439308032.0,8708730880.0,-5269422848.0,1.752,1.232,25.81,3868954624.0,487087040.0,496296854.0,509295941.0,-0.01855706705728987,-0.04360706460057965,321560000.0,11019707000.0,0.029180449171652204,66.0,10.0
ADM,624000000.0,10657000448.0,-10033000448.0,1.311,0.268,46.128,1578499968.0,481956527.0,478000000.0,547000000.0,0.008277253138075313,-0.11890945703839123,83000000.0,80269000000.0,0.0010340230973352104,52.0,8.3
ADP,3228400128.0,4398000128.0,-1169600000.0,1.043,0.131,69.259,4749387264.0,399734282.0,408100000.0,416100000.0,-0.020499186473903454,-0.039331213650564766,266100000.0,20560900000.0,0.012942040474881936,52.0,10.0
ADPT,218334000.0,208180992.0,10153008.0,3.354,3.083,92.838,16102625.0,160044392.0,147773744.0,143105002.0,0.08303672674084782,0.11837035577554444,51483000.0,276976000.0,0.18587531049621628,85.0,81.7
ADSK,2924000000.0,2724000000.0,200000000.0,0.835,0.669,85.419,3060999936.0,211145251.0,214000000.0,215000000.0,-0.01333994859813084,-0.01792906511627907,788000000.0,7206000000.0,0.10935331668054399,57.0,33.3
ADYEY,10827529216.0,252366000.0,10575163216.0,1.722,1.711,4.775,534254016.0,3153669200.0,31485187.0,30986299.0,99.16358486293888,100.7762463339039,40606000.0,2646897000.0,0.01534098228982843,82.0,66.7
AEHR,36911000.0,10025000.0,26886000.0,10.97,5.79,7.223,-7451625.0,31453254.0,28995000.0,27120000.0,0.08478199689601655,0.15978075221238938,5162000.0,58968000.0,0.08753900420567087,72.0,83.3
AEIS,699699968.0,683100032.0,16599936.0,1.588,1.076,49.343,49237500.0,40010657.0,37711000.0,37429000.0,0.06098106653231153,0.06897477891474525,55700000.0,1798800000.0,0.030965087836335333,78.0,48.3
AES,1651000064.0,31804000256.0,-30153000192.0,0.73,0.417,259.603,-2964999936.0,713157713.0,711074269.0,668743464.0,0.0029299949257480446,0.06641447937949492,,12233000000.0,,32.0,25.0
AEVA,99504000.0,102056000.0,-2552000.0,4.095,3.703,,-67766248.0,67535203.0,54139560.0,43749600.0,0.24742799904543,0.5436758964653391,21843000.0,18079000.0,1.208197356048454,68.8,90.0
AEYE,8563000.0,16943000.0,-8380000.0,1.029,0.962,532.966,7125750.0,12493415.0,12285000.0,11551000.0,0.016964997964997966,0.08158730845814215,5024000.0,40311000.0,0.12463099402148296,58.0,63.3
AFK,,,,,,,,,,,,,,,,,
AGFY,,,,,,,,,,,,,,,,,
AGG,,,,,,,,572600000.0,,,,,,,,,
AGX,973555008.0,9577000.0,963978008.0,1.53,1.481,2.023,416462240.0,14019247.0,13634214.0,13441590.0,0.028240205119268336,0.042975347410537,7867000.0,944606000.0,0.008328340069828055,78.0,25.0
AI,575449024.0,58681000.0,516768024.0,6.643,6.343,8.976,-26476750.0,151949285.0,133938491.0,113942561.0,0.1344706354799831,0.33356038047977526,263715000.0,250268000.0,1.0537304010101172,72.0,90.0
AIG,9592999936.0,9155999744.0,437000192.0,0.611,0.204,22.647,9517249536.0,530206221.0,606159452.0,734128056.0,-0.1253023948556691,-0.2777742021073228,,26774000000.0,,57.0,5.0
AIR,78500000.0,979699968.0,-901199968.0,2.701,0.991,59.614,27900000.0,39764268.0,35693966.0,35391084.0,0.11403333549429615,0.12356739341468037,19900000.0,2780500000.0,0.0071569861535695015,65.0,53.3
AKLI,,,,,,,,,,,,,,,,,
ALAB,1184473984.0,41850000.0,1142623984.0,11.3,10.55,2.801,240004880.0,171407939.0,162018000.0,152503000.0,0.0579561468478811,0.12396437447132187,160033000.0,852525000.0,0.18771648925251458,85.0,73.3
ALB,1089809024.0,2005991040.0,-916182016.0,2.068,1.11,19.845,716711744.0,117934651.0,117559774.0,117168000.0,0.0031888203527849586,0.006543177318039055,40271000.0,5142733000.0,0.007830661245683958,69.0,11.7
ALLO,266886000.0,81051000.0,185835000.0,9.647,9.467,29.064,-69944872.0,345154561.0,212210597.0,144438304.0,0.626471843910792,1.3896331612977122,37642000.0,0.0,,72.0,90.0
ALLY,9518000128.0,21596000256.0,-12078000128.0,,,,,306523062.0,305220495.0,299324357.0,0.0042676262614671405,0.024049847036003155,,8770000000.0,,40.0,15.0
ALNY,3009222912.0,2970230016.0,38992896.0,3.127,2.885,276.203,204714128.0,133512573.0,129294000.0,123925000.0,0.03262775534827602,0.07736593100665726,348235000.0,3713937000.0,0.09376437995582586,85.0,56.7
ALTR,,,,,,,,,,,,,,,,,
AMAT,8240999936.0,7267999744.0,973000192.0,2.508,1.624,30.399,3040375040.0,793959430.0,818000000.0,844000000.0,-0.02938944987775061,-0.059289774881516585,668000000.0,28368000000.0,0.023547659334461363,85.0,10.0
AMBA,277800000.0,13271000.0,264529000.0,2.427,1.899,2.191,47412876.0,43868185.0,41963959.0,39043000.0,0.045377653714703134,0.12358643034602874,98040000.0,390702000.0,0.250932936099636,85.0,73.3
AMD,12346999808.0,3871000064.0,8475999744.0,2.725,1.75,6.005,7173374976.0,1630600639.0,1622000000.0,1612000000.0,0.005302490135635019,0.01153885794044665,1638000000.0,34639000000.0,0.04728773925344265,85.0,25.0
AME,481249984.0,2455633920.0,-1974383936.0,1.138,0.608,22.489,1385356544.0,229203002.0,230699421.0,230050658.0,-0.006486444541185043,-0.0036846493175429216,47767000.0,7401116000.0,0.006454026663005957,52.0,5.0
AMGN,12037999616.0,57322999808.0,-45285000192.0,1.261,0.849,623.754,7436624896.0,539708274.0,537000000.0,534000000.0,0.005043340782122905,0.01068965168539326,494000000.0,36751000000.0,0.013441811107180757,58.0,16.7
AMP,8496000000.0,3494000128.0,5001999872.0,2.483,1.616,56.246,3355624960.0,89897084.0,96166693.0,105278990.0,-0.06519522304879508,-0.14610613190723049,206000000.0,18480000000.0,0.011147186147186147,85.0,10.0
AMRN,307822016.0,7701000.0,300121016.0,3.485,2.315,1.714,2224500.0,20969109.0,411584851.0,404346256.0,-0.9490527677365851,-0.948140711855633,13937000.0,213646000.0,0.06523407880325398,85.0,26.7
AMRX,200616992.0,2696486912.0,-2495869920.0,2.469,1.515,6750.837,101485872.0,319331346.0,309881000.0,151490000.0,0.030496693892171512,1.107936801108984,31953000.0,3018760000.0,0.010584809656945237,73.0,58.3
AMT,1608800000.0,45131198464.0,-43522398464.0,0.304,0.264,444.55,4614362624.0,465893069.0,467384103.0,465618791.0,-0.0031901684084449915,0.0005890612778125615,174200000.0,10644600000.0,0.0163651053116134,45.0,13.3
AMZN,143088992256.0,235540004864.0,-92451012608.0,1.177,0.974,53.3,9806624768.0,10757109436.0,10593000000.0,10242000000.0,0.015492252997262344,0.050293832845147435,19467000000.0,716924000000.0,0.027153505810936725,58.0,30.0
ANET,12353200128.0,0.0,12353200128.0,2.829,2.176,,4362237440.0,1259169438.0,1261334000.0,1227560000.0,-0.0017160894735256482,0.02574981100720128,439200000.0,9005700000.0,0.048769112895166396,100.0,21.7
ANSS,,,,,,,,,,,,,,,,,
AON,1243000064.0,15473999872.0,-14230999808.0,1.066,0.261,155.05,3341625088.0,213576949.0,216000000.0,205400000.0,-0.011217828703703704,0.039809878286270695,432000000.0,17181000000.0,0.025144054478784705,52.0,20.0
AOS,203900000.0,656899968.0,-452999968.0,1.558,0.954,34.981,495612512.0,111965465.0,144319615.0,151179079.0,-0.22418400991438342,-0.2593851891371821,13800000.0,3830200000.0,0.0036029450159260614,62.0,5.0
APA,293000000.0,4536000000.0,-4243000000.0,0.919,0.702,61.314,1691250048.0,353470227.0,365397149.0,311559149.0,-0.03264098264762323,0.13452045345007665,,8920000000.0,,45.0,35.0
APD,954200000.0,18442199040.0,-17487999040.0,1.427,0.985,101.611,-3519237376.0,222680686.0,222372418.0,221838696.0,0.0013862690470901836,0.0037955055415579975,76400000.0,12037300000.0,0.006346938266887093,45.0,11.7
APP,2758671104.0,3849840128.0,-1091169024.0,3.244,3.156,162.888,3180097280.0,305732000.0,340041739.0,373873683.0,-0.10089861056733392,-0.18225857047017668,210421000.0,5480717000.0,0.03839296938703458,73.0,18.3
APPHQ,,,,,,,,,,,,,,,,,
APTV,3172999936.0,9886000128.0,-6713000192.0,2.115,1.516,103.823,1091124992.0,211620527.0,235035739.0,270949579.0,-0.099624049089828,-0.2189671311502573,139000000.0,20398000000.0,0.006814393567996862,73.0,5.0
ARAY,38067000.0,182396992.0,-144329992.0,1.424,0.576,437.329,-10882000.0,118963696.0,100194932.0,93499500.0,0.1873224885266652,0.27234579864063446,10201000.0,458505000.0,0.02224839423779457,39.0,66.7
ARBE,53300000.0,25667000.0,27633000.0,2.418,1.613,52.866,-37326500.0,122649743.0,85749331.0,64160890.0,0.4303288616910609,0.9115966595849901,9806000.0,1026000.0,9.557504873294347,72.0,90.0
ARCC,554000000.0,15880999936.0,-15326999936.0,0.376,0.322,112.911,909374976.0,718022845.0,672000000.0,519000000.0,0.06848637648809523,0.38347368978805396,,1506000000.0,,45.0,77.5
ARGT,,,,,,,,,,,,,,,,,
ARKG,,,,,,,,,,,,,,,,,
ARKK,,,,,,,,,,,,,,,,,
ARKQ,,,,,,,,,,,,,,,,,
ARKW,,,,,,,,,,,,,,,,,
ARKX,,,,,,,,,,,,,,,,,
ARM,3600999936.0,491000000.0,3109999936.0,5.996,5.834,5.926,750499968.0,1068078760.0,1056513738.0,1025234000.0,0.010946400017374881,0.04179022545097022,1052000000.0,4920000000.0,0.2138211382113821,85.0,53.3
ARQQ,28860000.0,2172000.0,26688000.0,4.88,4.609,7.62,-19702876.0,17402411.0,11545354.0,4877046.0,0.5073085675848484,2.5682277755838268,5676000.0,530000.0,10.709433962264152,72.0,90.0
ARVN,614899968.0,8400000.0,606499968.0,5.442,5.361,2.172,-199637504.0,64521198.0,68800000.0,53200000.0,-0.06219188953488372,0.21280447368421052,44000000.0,262600000.0,0.16755521706016754,72.0,61.7
ARWR,1782190976.0,1383788032.0,398402944.0,6.232,6.09,231.049,-46121248.0,140857021.0,124376000.0,105960000.0,0.13250965620376923,0.3293414590411476,63366000.0,829448000.0,0.07639538584697293,72.0,83.3
ASML,8376300032.0,2705600000.0,5670700032.0,1.36,0.691,12.989,8243274752.0,385417665.0,393283720.0,394589411.0,-0.020000967749186263,-0.023243771232370956,202300000.0,32667300000.0,0.006192737079587233,64.0,5.0
ASTS,3029591040.0,2991408128.0,38182912.0,18.469,17.909,112.424,-1412748416.0,298746383.0,208173198.0,71819926.0,0.4350857164619242,3.1596587415030197,47490000.0,70918000.0,0.6696466341408387,72.0,90.0
ASX,112093282304.0,255975227392.0,-143881945088.0,1.147,0.857,67.16,-66127527936.0,2193945789.0,4341989537.0,4295043000.0,-0.49471416955190145,-0.48919119342926254,2481787000.0,645387710000.0,0.0038454202978237687,45.0,5.0
ASYS,24417000.0,18755000.0,5662000.0,2.868,1.872,33.492,10993000.0,17484101.0,14258879.0,13994154.0,0.22619043194068764,0.24938606506688435,1229000.0,79364000.0,0.015485610604304218,85.0,66.7
ATEC,139912000.0,603059968.0,-463147968.0,1.899,1.052,3303.352,54572248.0,153789305.0,144129000.0,106639647.0,0.0670254077944064,0.4421400419676933,73719000.0,764155000.0,0.09647126564636756,66.0,75.0
ATI,401700000.0,1827900032.0,-1426200032.0,2.672,1.076,96.904,340800000.0,136470427.0,141387049.0,128273042.0,-0.034774203399633864,0.06390575036023548,29000000.0,4587400000.0,0.0063216636874918256,69.0,15.0
AUTO,,,,,,,,,,,,,,,,,
AVAV,632297024.0,834788992.0,-202491968.0,4.304,3.472,18.971,-251387504.0,50608030.0,28267517.0,26216897.0,0.7903245622882265,0.9303592641036046,38334000.0,1976845000.0,0.019391505150884364,60.0,66.7
AVGO,19627999232.0,64907001856.0,-45279002624.0,2.238,1.929,74.018,27212249088.0,4757580198.0,4686000000.0,4180000000.0,0.015275330345710627,0.13817708086124403,7568000000.0,63887000000.0,0.11845915444456619,73.0,63.3
AVNT,427600000.0,1924499968.0,-1496899968.0,1.773,1.172,79.591,353775008.0,91710167.0,91400000.0,90900000.0,0.0033935120350109408,0.008912728272827283,9100000.0,3260200000.0,0.002791239801239188,66.0,11.7
AVUV,,,,,,,,,,,,,,,,,
AWK,183000000.0,15708999680.0,-15525999680.0,0.37,0.275,142.33,-1896625024.0,195280521.0,194920485.0,181858062.0,0.0018470916486792038,0.07380733552521856,,5140000000.0,,32.0,25.0
AXON,736972992.0,1840359040.0,-1103386048.0,2.271,1.699,52.074,62617500.0,80602077.0,76619331.0,71474581.0,0.05198095504122843,0.12770268635782558,634231000.0,2779536000.0,0.22817873198979974,73.0,73.3
AXSM,305105984.0,219900000.0,85205984.0,1.392,1.266,402.843,-3851750.0,51459766.0,48667587.0,43498617.0,0.05737245612773035,0.18302073833749702,93752000.0,638496000.0,0.1468325565077933,61.0,81.7
AYRO,,,,,,,,,,,,,,,,,
AZN,7674999808.0,34029000704.0,-26354000896.0,0.909,0.701,71.815,6558875136.0,1550876987.0,1550103897.0,1549800030.0,0.0004987343116136944,0.0006949006188882317,,58739000000.0,,45.0,15.0
AZO,270520000.0,13086533632.0,-12816013632.0,0.89,0.103,,903784256.0,16325355.0,16926000.0,19126000.0,-0.035486529599432826,-0.14643129770992366,124717000.0,18938717000.0,0.0065852929741756,50.0,5.0
B,7130999808.0,4726000128.0,2404999680.0,3.064,2.266,12.852,5272124928.0,1675508360.0,1727100407.0,1755349661.0,-0.029872060009305527,-0.04548455659513185,270000000.0,16956000000.0,0.01592356687898089,85.0,10.0
BA,20177999872.0,49614000128.0,-29436000256.0,1.176,0.317,828.696,2554249984.0,788302331.0,749216319.0,597589776.0,0.05216919467553669,0.3191362413804081,426000000.0,89463000000.0,0.0047617450789711946,52.0,53.3
BABA,316819996672.0,281721995264.0,35098001408.0,1.282,0.863,25.014,-44074250240.0,2397065032.0,18997077324.0,20526017712.0,-0.8738192727693085,-0.8832182128246621,11180000000.0,1023670000000.0,0.010921488370275578,57.0,10.0
BAC,851284983808.0,799901024256.0,51383959552.0,,,,,7096590651.0,7610862311.0,7996777943.0,-0.06757074809469642,-0.11256874936585944,4001000000.0,113097000000.0,0.035376712025960017,100.0,18.3
BAK,6046000128.0,67648000000.0,-61601999872.0,0.71,0.35,,-6892624896.0,172530183.0,796968412.0,796303031.0,-0.7835169118346437,-0.7833360212338562,,70717000000.0,,33.8,5.0
BASFY,3180000000.0,23669000192.0,-20489000192.0,1.913,1.042,66.724,-1570625024.0,3537300868.0,892522164.0,893854929.0,2.963263894923286,2.957354547406652,,59656000000.0,,53.0,90.0
BATT,,,,,,,,,,,,,,,,,
BAX,2016999936.0,9687000064.0,-7670000128.0,1.854,1.025,161.021,900875008.0,516469008.0,510927308.0,504432350.0,0.010846357032065313,0.023861788404332118,117000000.0,11244000000.0,0.01040554962646745,66.0,23.3
BBAI,349385984.0,24109000.0,325276984.0,6.084,5.8,3.05,-59485124.0,478949450.0,251554378.0,117069560.0,0.9039599064342263,3.091152730052116,23330000.0,127672000.0,0.18273388056895795,72.0,90.0
BBAR,2841787498496.0,2637725696000.0,204061802496.0,,,,,204236693.0,612710079.0,612710079.0,-0.6666666666666666,-0.6666666666666666,,3054315449000.0,,100.0,5.0
BBEU,,,,,,,,,,,,,,,,,
BBIO,940185984.0,2492216064.0,-1552030080.0,1.521,1.403,,-317910112.0,195861242.0,190044473.0,150625572.0,0.030607409456206602,0.30031866036664745,133024000.0,502076000.0,0.2649479361690262,60.0,81.7
BCE,1376000000.0,42959998976.0,-41583998976.0,0.737,0.55,181.626,2681374976.0,932525817.0,912283103.0,911982866.0,0.022189070403072015,0.022525588764734535,,24468000000.0,,45.0,25.0
BDSX,25572000.0,73568000.0,-47996000.0,2.824,2.421,805.607,-13779875.0,10355809.0,7274578.0,3880717.0,0.4235614766932185,1.6685298103417487,4139000.0,88499000.0,0.0467688900439553,60.0,75.0
BE,2491432960.0,2952817920.0,-461384960.0,5.026,3.979,311.476,265521248.0,284443868.0,229142474.0,205664690.0,0.24134065166809712,0.38304668633200967,139406000.0,2023994000.0,0.0688766863933391,73.0,83.3
BEAM,1211651968.0,250822000.0,960829968.0,16.991,16.25,21.54,-233555744.0,102879214.0,83633069.0,71277339.0,0.23012601630103996,0.44336496624824895,94244000.0,139743000.0,0.6744094516362179,72.0,90.0
BEEM,1973000.0,1628000.0,345000.0,1.474,0.513,7.562,-651875.0,22201586.0,14835630.0,10178306.0,0.4965044288648342,1.1812653303997738,2966000.0,28236000.0,0.105043207253152,51.0,90.0
BFLY,137954000.0,19757000.0,118197000.0,4.025,2.739,10.332,8860375.0,235213969.0,215053091.0,200886893.0,0.09374837583710899,0.17087762913432086,23435000.0,97610000.0,0.24008810572687225,85.0,90.0
BGM,14541786.0,1782646.0,12759140.0,,,0.972,,380623358.0,7150000.0,7150000.0,52.23403608391608,52.23403608391608,0.0,25097951.0,0.0,77.5,61.7
BHP,13509000192.0,29195999232.0,-15686999040.0,1.649,1.232,52.639,8137124864.0,2540345092.0,5070273143.0,5064769510.0,-0.4989727337456778,-0.4984282923469108,,51262000000.0,,66.0,5.0
BHVN,347816992.0,286175008.0,61641984.0,7.406,6.679,220.985,-379373312.0,150560990.0,101221989.0,68190479.0,0.4874336247235766,1.20794738808038,112361000.0,0.0,,72.0,90.0
BIDU,116890001408.0,94136000512.0,22754000896.0,1.852,1.572,32.2,7958624768.0,274750119.0,2763574692.0,2796585392.0,-0.9005816199593422,-0.9017551476218253,3605000000.0,129079000000.0,0.027928632852749092,82.0,10.0
BIIB,4282700032.0,6561900032.0,-2279200000.0,3.065,2.025,35.181,1930925056.0,147637117.0,145719340.0,144000000.0,0.013160758208210386,0.025257756944444446,290800000.0,9890600000.0,0.029401654095808142,73.0,23.3
BILL,2173345024.0,1885853952.0,287491072.0,1.661,0.695,49.592,167608256.0,99596727.0,106645577.0,104731000.0,-0.0660960369692594,-0.04902343145773458,242532000.0,1462570000.0,0.16582590918725257,68.0,33.3
BINC,,,,,,,,,,,,,,,,,
BIOX,14900000.0,240000000.0,-225100000.0,0.876,0.557,251.046,,63815891.0,60590467.0,45870346.0,0.053233192607675395,0.391223231671285,4386688.0,333343987.0,0.013159643404637144,31.2,58.3
BITD,,,,,,,,,,,,,,,,,
BITF,,,,,,,,,,,,,,,,,
BITO,,,,,,,,,,,,,,,,,
BITX,,,,,,,,,,,,,,,,,
BKNG,16024000512.0,19175999488.0,-3151998976.0,1.057,0.987,,7075125248.0,774878436.0,823671625.0,946574250.0,-0.05923864258405162,-0.1813865251458087,617000000.0,26917000000.0,0.022922316751495336,66.2,10.0
BKRKY,126392161000000.0,171647601000000.0,-45255440000000.0,,,,,3011498554.0,150649123304.0,151070680004.0,-0.9800098501209131,-0.9800656318359044,,186876558000000.0,,40.0,5.0
BKSY,115521000.0,210904992.0,-95383992.0,3.458,3.066,261.005,-56810752.0,37109026.0,30663000.0,14645000.0,0.2102216351955125,1.5339041311027655,14232000.0,106575000.0,0.13353976073187895,60.0,90.0
BLDP,520862016.0,20929000.0,499933016.0,10.702,9.852,3.621,-29806124.0,301475849.0,299438116.0,298394203.0,0.006805189089554651,0.010327432533935654,6339000.0,99370000.0,0.06379188890007044,72.0,33.3
BLFS,80996000.0,14857000.0,66139000.0,7.299,5.153,3.991,6391125.0,48857415.0,46906765.0,42832231.0,0.041585685987937986,0.14066939450340563,22993000.0,96214000.0,0.23897769555366163,85.0,73.3
BLK,13144999936.0,14965000192.0,-1820000256.0,2.168,1.596,23.635,7082375168.0,154995389.0,154947813.0,149756492.0,0.0003070453146699141,0.03498277056329551,1307000000.0,24216000000.0,0.05397258011232243,73.0,31.7
BLOX,,,,,,,,,,,,,,,,,
BLV,,,,,,,,,,,,,,,,,
BMA,56045572096.0,151928000.0,55893644096.0,,,,,62815463.0,639413408.0,647052567.0,-0.9017607979218353,-0.9029206185036277,,,,100.0,5.0
BMNR,879577024.0,1325000.0,878252024.0,54.185,53.846,0.013,-152525936.0,569576819.0,2495630.0,2430345.0,227.22967306852377,233.3604792735188,2425000.0,6095000.0,0.3978671041837572,87.0,90.0
BMRN,2222435072.0,1439601024.0,782834048.0,5.806,3.942,23.174,459422496.0,193284438.0,190761349.0,186250719.0,0.013226416217050342,0.03776478844089724,181409000.0,3221253000.0,0.0563162843775388,85.0,38.3
BMY,10485999616.0,46428999680.0,-35943000064.0,1.42,1.178,230.967,9851750400.0,2042071247.0,2029000000.0,2075000000.0,0.006442211434204041,-0.015869278554216867,553000000.0,48195000000.0,0.011474219317356572,62.0,13.3
BND,,,,,,,,,,,,,,,,,
BNDX,,,,,,,,,,,,,,,,,
BNGO,14405000.0,17014000.0,-2609000.0,1.836,0.873,45.415,-6643000.0,11475000.0,1865400.0,495304.0,5.151495657767771,22.16759000533006,4534000.0,28508000.0,0.15904307562789394,49.0,90.0
BOTT,,,,,,,,,,,,,,,,,
BOTZ,,,,,,,,,,,,,,,,,
BP,35762999296.0,74178002944.0,-38415003648.0,1.219,0.68,96.384,10053125120.0,2575130228.0,15850481411.0,18157212000.0,-0.8375361504027948,-0.8581759012341763,1077000000.0,189335000000.0,0.005688330208360842,52.0,5.0
BPMC,,,,,,,,,,,,,,,,,
BRK.B,397383008256.0,128885997568.0,268497010688.0,2.876,2.7,17.669,61228249088.0,1398308677.0,1438223.0,1459733.0,971.247472749358,956.92085059391,,410522000000.0,,85.0,90.0
BRKR,133400000.0,1704999936.0,-1571599936.0,1.552,0.652,68.124,212487504.0,152225624.0,151677952.0,147023144.0,0.003610755503871782,0.035385449246004425,20200000.0,3436500000.0,0.005878073621417139,56.0,18.3
BRKS,,,,,,,,,,,,,,,,,
BSV,,,,,,,,,,,,,,,,,
BSX,1452999936.0,11029000192.0,-9576000256.0,1.9,0.98,42.25,2807124992.0,1486355179.0,1474556348.0,1433344145.0,0.008001614191280806,0.03698416335317713,299000000.0,20074000000.0,0.014894888911029192,62.0,23.3
BTAI,17180000.0,100289000.0,-83109000.0,0.617,0.316,,-34118500.0,30877605.0,3102423.0,1759187.0,8.95273855305998,16.552201670430716,2767000.0,642000.0,4.309968847352025,33.8,90.0
BTG,482059008.0,519887008.0,-37828000.0,1.192,0.494,14.0,718971520.0,1332417631.0,1318040605.0,1074694856.0,0.010907877910180165,0.2398101875719781,22935000.0,3061238000.0,0.00749206693501126,52.0,43.3
BTI,3843000064.0,35070001152.0,-31227001088.0,0.873,0.559,72.842,2993750016.0,2158712296.0,2202445277.0,2229946590.0,-0.019856557371345757,-0.03194439468615255,,25610000000.0,,45.0,5.0
BUG,,,,,,,,,,,,,,,,,
BULL,1953197056.0,76508680.0,1876688376.0,1.284,1.264,7.514,,447959660.0,459363005.0,459363005.0,-0.02482425636343963,-0.02482425636343963,43872899.0,570996806.0,0.07683562944483441,67.5,26.7
BUSE,328776000.0,702395008.0,-373619008.0,,,,,84577160.0,56895981.0,55279124.0,0.48652257177883973,0.5300018140663734,17120000.0,719584000.0,0.023791523991639613,40.0,66.7
BX,2605123072.0,15424749568.0,-12819626496.0,0.896,0.847,72.022,,742180737.0,768722241.0,742653758.0,-0.034526780395313164,-0.000636933422748532,,12410012000.0,,38.8,5.0
BXSL,275310016.0,8033886208.0,-7758576192.0,1.588,1.259,131.71,367377120.0,232652003.0,221892184.0,160362861.0,0.04849120327735383,0.45078481107916873,,607894000.0,,66.0,77.5
BYDD,,,,,,,,,,,,,,,,,
BZAI,33219000.0,2736000.0,30483000.0,2.464,1.899,10.753,-14893000.0,142299461.0,101588967.0,101588967.0,0.4007373556618604,0.4007373556618604,37546000.0,38632000.0,0.9718885897701387,72.0,90.0
C,1046570008576.0,815575007232.0,230995001344.0,,,,,1705576955.0,1877071466.0,1936986425.0,-0.09136280323170178,-0.11946881352046647,,85213000000.0,,100.0,5.0
CAE,552400000.0,3234200064.0,-2681800064.0,0.959,0.73,60.025,389787488.0,321579686.0,320265108.0,317906290.0,0.00410465569667989,0.011554964829415612,36700000.0,4914000000.0,0.0074684574684574685,45.0,11.7
CAG,55100000.0,7332400128.0,-7277300128.0,0.901,0.253,89.813,654675008.0,478437156.0,478169096.0,480062060.0,0.0005605966639048543,-0.0033847790429429063,41500000.0,11612800000.0,0.003573642876825572,45.0,8.3
CAH,3936999936.0,8915999744.0,-4978999808.0,0.907,0.419,,4849999872.0,234205855.0,244000000.0,273000000.0,-0.04013993852459016,-0.14210309523809525,244000000.0,222578000000.0,0.0010962449118960545,50.0,5.0
CAI,823462016.0,430958016.0,392504000.0,7.048,6.352,72.614,102059248.0,282680695.0,277932779.0,277932779.0,0.01708296523023648,0.01708296523023648,70006000.0,812033000.0,0.08621078207412752,85.0,40.0
CALX,243288992.0,14716000.0,228572992.0,3.29,2.017,1.994,100548872.0,63782299.0,66434000.0,65735000.0,-0.039914817713821237,-0.029705651479424965,87929000.0,1000010000.0,0.08792812071879282,85.0,26.7
CAPR,278609920.0,14784730.0,263825190.0,8.416,8.283,5.305,-70473720.0,57911893.0,45582288.0,25241402.0,0.27049113901434696,1.2943215673994655,17225260.0,0.0,,72.0,90.0
CAT,3316000000.0,43065999360.0,-39749999360.0,1.353,0.73,230.793,3776624896.0,460591983.0,477932024.0,516345490.0,-0.03628139595014876,-0.10797713561902128,,67589000000.0,,52.0,5.0
CB,7497999872.0,25138999296.0,-17640999424.0,0.386,0.186,31.458,12622624768.0,387860106.0,400703663.0,414594856.0,-0.032052507091755736,-0.06448403691723566,,59783000000.0,,45.0,5.0
CC,563000000.0,4392999936.0,-3829999936.0,1.82,0.819,2033.796,216250000.0,150377709.0,149428431.0,148504030.0,0.006352726811405789,0.012617024601958614,21000000.0,5808000000.0,0.003615702479338843,62.0,11.7
CCJ,1109720064.0,1010993984.0,98726080.0,3.078,1.837,14.311,624778752.0,435532978.0,435312083.0,432518470.0,0.0005074405435238057,0.006969663052770902,9656000.0,3481933000.0,0.0027731722580532137,85.0,11.7
CCNE,607134976.0,335895008.0,271239968.0,,,,,29629013.0,20987992.0,21007189.0,0.41171261166861506,0.41042254630069736,2669000.0,277018000.0,0.009634752976340888,100.0,61.7
CDNS,1546153984.0,3083354112.0,-1537200128.0,1.471,1.211,46.992,1499152256.0,275816000.0,273851000.0,272675000.0,0.007175434816743411,0.0115192078481709,455175000.0,5296759000.0,0.08593462530577661,62.0,33.3
CDXS,65140000.0,72903000.0,-7763000.0,5.364,4.927,168.624,-8476750.0,90896567.0,81850000.0,65811318.0,0.11052616982284667,0.381169223810409,9624000.0,70387000.0,0.1367297938539787,60.0,90.0
CDZI,16535000.0,117565000.0,-101030000.0,1.877,1.683,753.043,-21038750.0,84086286.0,75353889.0,55823810.0,0.11588515358510561,0.50627995473616,5299000.0,16313000.0,0.3248329553117146,57.0,90.0
CE,1758000000.0,12904999936.0,-11146999936.0,1.383,0.797,287.737,1022499968.0,109662539.0,109327556.0,108473932.0,0.0030640308103109886,0.010957535862164561,24000000.0,9544000000.0,0.002514668901927913,58.0,11.7
CEG,864000000.0,22466000896.0,-21602000896.0,1.363,0.478,66.428,-4478875136.0,357102017.0,312838000.0,327000000.0,0.14149181685089407,0.09205509785932722,,25533000000.0,,39.0,77.5
CELH,549201024.0,675881024.0,-126680000.0,1.773,1.314,22.449,177804496.0,255640360.0,235013960.0,229146000.0,0.08776670117809172,0.11562217974566434,28050000.0,2515269000.0,0.011151888724426691,66.0,58.3
CEVA,215692992.0,16877000.0,198815992.0,10.26,9.665,4.99,3582375.0,27859369.0,23626865.0,23215439.0,0.17913946687383198,0.2000362775823451,19796000.0,109598000.0,0.1806237340097447,85.0,90.0
CFLT,,,,,,,,,,,,,,,,,
CGNX,296756000.0,74017000.0,222739000.0,3.643,2.574,5.005,181449872.0,166419451.0,170434000.0,172631000.0,-0.023554859945785465,-0.03598165451164623,48517000.0,994359000.0,0.048792237008967586,85.0,18.3
CHD,503400000.0,2377400064.0,-1874000064.0,1.217,0.764,56.794,1128824960.0,236943602.0,245879841.0,243895876.0,-0.036343927032228725,-0.02850509042637523,58000000.0,6203200000.0,0.009350012896569513,58.0,5.0
CHPT,95779000.0,254092992.0,-158313992.0,1.147,0.504,,32566624.0,25897631.0,22805114.0,17416524.0,0.13560629427241627,0.48695750081933686,64694000.0,411224000.0,0.1573205844016886,58.8,90.0
CHPX,,,,,,,,,,,,,,,,,
CHRD,225802000.0,1501180032.0,-1275378032.0,1.024,0.943,18.657,452692640.0,56299183.0,60070893.0,41477093.0,-0.0627876465895055,0.3573560471077373,25703000.0,4877126000.0,0.005270111947077029,58.0,33.3
CHTR,517000000.0,96822001664.0,-96305001664.0,0.401,0.325,459.525,2403624960.0,141178369.0,141946427.0,152651397.0,-0.005410900550529531,-0.07515835574043256,673000000.0,54774000000.0,0.012286851425858985,45.0,10.0
CHWY,520100000.0,523400000.0,-3300000.0,0.784,0.321,123.385,463275008.0,232945978.0,413591436.0,425348887.0,-0.4367727236982731,-0.45234139521799194,297900000.0,12601500000.0,0.023640042852041424,45.0,10.0
CI,7852000256.0,30900000768.0,-23048000512.0,0.818,0.657,72.805,6923375104.0,264532404.0,273789000.0,298676000.0,-0.033809232657265265,-0.1143165035021227,,273854000000.0,,45.0,5.0
CIEN,1202834048.0,1580579968.0,-377745920.0,2.727,1.849,54.649,700927872.0,141552922.0,142656116.0,148412943.0,-0.007733240122701784,-0.04622252521466406,184525000.0,4769507000.0,0.038688484994361054,73.0,18.3
CL,1419000064.0,7973000192.0,-6554000128.0,1.025,0.557,1640.535,3319500032.0,800189310.0,812574698.0,830212606.0,-0.015242153158945641,-0.03616338246735801,155000000.0,20382000000.0,0.0076047492885879696,52.0,5.0
CLF,45000000.0,7784000000.0,-7739000000.0,2.019,0.58,129.324,-60500000.0,570414657.0,493948905.0,513340779.0,0.15480498332109877,0.11118126658704432,,18610000000.0,,46.0,77.5
CLMB,41775000.0,1785000.0,39990000.0,1.101,1.055,1.507,19610124.0,18597200.0,18405208.0,17913728.0,0.010431395287681618,0.03815353230773628,4775000.0,652517000.0,0.007317817007066483,74.0,25.0
CLOV,203543008.0,0.0,203543008.0,1.331,1.207,,75082376.0,430969398.0,503525356.0,478393570.0,-0.1440959370475079,-0.09913212671315795,103657000.0,1924308000.0,0.05386715640115824,86.2,18.3
CLPT,35593000.0,63588000.0,-27995000.0,5.789,4.75,337.498,-11632625.0,29989563.0,27617415.0,24578983.0,0.08589319456582015,0.22013034469326903,8180000.0,36971000.0,0.22125449676773687,60.0,90.0
CLS,378000000.0,941699968.0,-563699968.0,1.259,0.698,44.881,646862528.0,114973107.0,116100000.0,121641792.0,-0.009706227390180878,-0.05482231797440143,69800000.0,12390900000.0,0.005633166275250385,52.0,5.0
CLSK,260287008.0,1790720000.0,-1530432992.0,8.259,2.203,181.585,-300704512.0,256608606.0,270897784.0,55661337.0,-0.05274748943682758,3.610176827049627,45335000.0,766314000.0,0.059159822213870554,60.0,46.7
CMCSA,9468000256.0,94611996672.0,-85143996416.0,0.865,0.707,106.858,4013125120.0,3562784182.0,3787746392.0,4220119392.0,-0.059392099343065,-0.15576223062458797,1288000000.0,123707000000.0,0.01041169861042625,45.0,10.0
CME,2515399936.0,3742200064.0,-1226800128.0,1.018,0.021,14.059,3030237440.0,361319613.0,359605138.0,358932100.0,0.004767659910354228,0.00665171212048184,94800000.0,6520600000.0,0.014538539398214888,52.0,16.7
CNBS,,,,,,,,,,,,,,,,,
CNC,23740999680.0,16371000320.0,7369999360.0,1.123,1.076,76.049,6847499776.0,493797000.0,495907000.0,550754000.0,-0.004254830038696772,-0.1034164073252305,204000000.0,194777000000.0,0.001047351586686313,74.0,5.0
CNDT,228000000.0,901000000.0,-673000000.0,1.588,1.266,115.07,62750000.0,155096814.0,161829000.0,218348000.0,-0.04160061546447176,-0.2896806290875117,19000000.0,3042000000.0,0.006245890861275477,66.0,5.0
CNI,586000000.0,22666000384.0,-22080000384.0,0.668,0.403,105.664,2598500096.0,606600000.0,627934857.0,671022354.0,-0.03397622661358326,-0.09600627105188808,,17304000000.0,,45.0,5.0
CNQ,808000000.0,20020000768.0,-19212000768.0,0.984,0.636,44.85,5340624896.0,2085710000.0,2102996000.0,2205272000.0,-0.008219701796865044,-0.05421644132787248,180000000.0,44167000000.0,0.004075440940068377,45.0,5.0
COF,79386001408.0,55874998272.0,23511003136.0,,,,,616019481.0,381230343.0,381318702.0,0.6158721159296598,0.6154976867617681,776000000.0,53434000000.0,0.014522588613991092,100.0,66.7
COHR,2423729920.0,3425114880.0,-1001384960.0,3.05,1.709,31.093,-197631744.0,195639321.0,152779583.0,106950413.0,0.28053315212936536,0.8292525995201159,160239000.0,5810115000.0,0.02757931641628436,60.0,66.7
COIN,10438001664.0,7964423168.0,2473578496.0,2.141,1.176,59.081,2407562752.0,222426875.0,253640000.0,230866000.0,-0.12306073568837722,-0.03655421326657022,839440000.0,7181325000.0,0.11689207771546337,81.0,33.3
CONY,,,,,,,,,,,,,,,,,
COP,6362999808.0,23327000576.0,-16964000768.0,1.289,1.066,36.143,5289124864.0,1218294007.0,1275866724.0,1223856072.0,-0.04512439733477993,-0.0045447051554931535,,58944000000.0,,62.0,5.0
CORT,338184000.0,9637000.0,328547000.0,2.856,2.529,1.511,115660496.0,107351594.0,105113000.0,107835000.0,0.021297023203599934,-0.0044828302499188575,84500000.0,761407000.0,0.1109787538070966,85.0,43.3
CORZ,1005148032.0,2155508992.0,-1150360960.0,0.547,0.378,,174972256.0,317885292.0,292606000.0,375225000.0,0.08639362145683957,-0.1528141994803118,98236000.0,319019000.0,0.30793150251238954,50.0,61.7
COST,11125999616.0,10227999744.0,897999872.0,1.072,0.564,60.257,6954375168.0,443478804.0,443126000.0,442664000.0,0.0007961708407992309,0.001840682775197441,860000000.0,275235000000.0,0.003124602612313114,64.0,11.7
CPNG,6301000192.0,5395999744.0,905000448.0,0.973,0.691,137.303,242250000.0,1637261211.0,1801000000.0,1772607364.0,-0.09091548528595225,-0.07635427661463783,475000000.0,34534000000.0,0.01375456072276597,57.0,10.0
CPTN,,,,,,,,,,,,,,,,,
CRBU,117626000.0,26946000.0,90680000.0,6.221,6.099,26.413,-63509124.0,99180575.0,92378577.0,61029184.0,0.07363176854304651,0.6251335590526657,12680000.0,11159000.0,1.1363025360695402,72.0,90.0
CRCL,1517264000.0,14762000.0,1502502000.0,1.033,0.024,0.431,-141372752.0,229857799.0,222540115.0,222540115.0,0.032882538952583897,0.032882538952583897,562875000.0,2746642000.0,0.20493205885586838,62.0,63.3
CRDO,1443286016.0,25448000.0,1417838016.0,10.153,8.507,1.233,250810128.0,186477898.0,171169000.0,148651000.0,0.08943732802084489,0.2544678340542613,182638000.0,1335116000.0,0.13679560427708154,91.0,90.0
CRM,11836999680.0,42547998720.0,-30710999040.0,0.786,0.615,124.282,16552999936.0,819000000.0,962000000.0,981000000.0,-0.14864864864864866,-0.1651376146788991,3509000000.0,41525000000.0,0.08450331125827815,45.0,26.7
CRNX,1291305984.0,47855000.0,1243450984.0,18.603,18.245,3.737,-242135744.0,105840233.0,92926000.0,53877000.0,0.13897330133654737,0.9644789613378622,91024000.0,7696000.0,11.827442827442827,72.0,90.0
CRS,294800000.0,699299968.0,-404499968.0,3.733,1.922,33.822,300724992.0,49685612.0,49776955.0,48286439.0,-0.0018350459565073837,0.028976520716302977,22800000.0,2877100000.0,0.007924646345278232,73.0,8.3
CRSP,2441785088.0,787641984.0,1654143104.0,17.965,17.917,43.407,-260895744.0,98484128.0,85741981.0,78512450.0,0.14861036392429514,0.2543759365552852,72499000.0,0.0,,72.0,90.0
CRUS,887627008.0,133977000.0,753650008.0,7.365,5.691,6.296,505731264.0,50452718.0,52291000.0,55098000.0,-0.035154845002007995,-0.08430944861882464,81811000.0,1997379000.0,0.040959177001460415,85.0,18.3
CRWD,4552800768.0,821342976.0,3731457792.0,1.531,1.333,17.568,1926365056.0,1018259280.0,991488000.0,904054000.0,0.02700111347792409,0.12632572833038735,1096679000.0,4812005000.0,0.22790479228512855,78.0,63.3
CRWV,2265999872.0,35147001856.0,-32881001984.0,0.315,0.246,738.538,-8560327168.0,447573939.0,464099040.0,,-0.03560684159139825,,630000000.0,5131000000.0,0.12278308321964529,32.0,47.5
CSCO,16640000000.0,33001000960.0,-16361000960.0,0.925,0.704,67.541,9288375296.0,3941434665.0,4007000000.0,4110000000.0,-0.01636269902670327,-0.041013463503649636,3641000000.0,56654000000.0,0.06426730680975748,45.0,26.7
CSX,1108999936.0,19428999168.0,-18319999232.0,0.966,0.775,143.06,1129874944.0,1858138856.0,1900189590.0,2066000000.0,-0.022129757062820242,-0.10061042787996127,,14092000000.0,,51.0,5.0
CTM,15772974.0,738261.0,15034713.0,4.812,4.637,2.043,1346296.0,94698939.0,77076129.0,41699363.0,0.22864160705320322,1.270992460963972,2475687.0,52866001.0,0.04682947363467117,85.0,75.0
CTRA,,,,,,,,,,,,,,,,,
CVS,11802000384.0,78345003008.0,-66543002624.0,0.866,0.611,100.912,5201625088.0,1275927307.0,1260000000.0,1300000000.0,0.012640719841269842,-0.018517456153846153,535000000.0,402067000000.0,0.0013306240004775324,45.0,15.0
CVX,5327000064.0,45427998720.0,-40100998656.0,1.094,0.725,23.989,11776499712.0,1991597732.0,1769012274.0,1901048343.0,0.12582471092566314,0.047631292141212006,,184432000000.0,,52.0,62.5
CWCO,126331872.0,2787961.0,123543911.0,6.043,5.727,1.219,22215138.0,16000190.0,15846345.0,15322875.0,0.009708547933293135,0.04420286662914107,1701904.0,132073368.0,0.012886049820430111,91.0,23.3
CYBR,,,,,,,,,,,,,,,,,
CYTK,818550016.0,1443623040.0,-625073024.0,4.214,4.144,,-381057760.0,135770593.0,118209139.0,94833975.0,0.14856257433699774,0.43166616183704204,112286000.0,88039000.0,1.2754120333034225,68.8,90.0
D,352000000.0,52214001664.0,-51862001664.0,0.777,0.316,154.901,-9948250112.0,879512484.0,852000000.0,835000000.0,0.03229164788732394,0.05330836407185629,,16506000000.0,,32.0,50.0
DAT,,,,,,,,,,,,,,,,,
DD,710000000.0,3216999936.0,-2506999936.0,2.683,1.076,22.594,-124750000.0,135019401.0,139331447.0,152708087.0,-0.03094811754879715,-0.11583332846020132,38000000.0,6849000000.0,0.005548255219740108,56.0,5.0
DDD,89483000.0,155050000.0,-65567000.0,2.76,1.436,66.163,-30389124.0,163340496.0,135510000.0,131207000.0,0.20537595749391188,0.2449068723467498,9525000.0,386902000.0,0.024618637277656875,56.0,66.7
DDOG,4758617088.0,1285052032.0,3473565056.0,3.397,3.285,32.221,936726528.0,330825798.0,342118782.0,319189843.0,-0.033008956520837844,0.036454653101226656,750671000.0,3427158000.0,0.21903600592677663,85.0,43.3
DE,8830000128.0,48473001984.0,-39643001856.0,2.213,1.972,376.022,1098749952.0,269937425.0,271752292.0,298771915.0,-0.006678387095259531,-0.09651004178220701,151000000.0,44665000000.0,0.0033807231613119893,73.0,5.0
DECK,1907249024.0,375193984.0,1532055040.0,3.545,2.771,15.01,858725120.0,138880957.0,150201000.0,157056000.0,-0.07536596294298972,-0.11572332798492257,44835000.0,5472296000.0,0.008193087508424252,85.0,5.0
DEO,2208999936.0,24290000896.0,-22081000960.0,1.604,0.573,177.377,958124992.0,555896192.0,2220147656.0,2279000000.0,-0.7496129635802926,-0.7560788977621764,,20245000000.0,,56.0,5.0
DFEN,,,,,,,,,,,,,,,,,
DGII,31741000.0,153891008.0,-122150008.0,1.111,0.718,23.108,128906872.0,37702199.0,36547361.0,35537920.0,0.03159839639310756,0.06090055354956058,15363000.0,430221000.0,0.03570955392693523,52.0,48.3
DGRO,,,,,,,,,,,,,,,,,
DGX,393000000.0,6408000000.0,-6015000000.0,1.179,0.91,82.737,947875008.0,110696429.0,110615181.0,111000000.0,0.0007345103923845679,-0.002734873873873874,88000000.0,11035000000.0,0.007974626189397371,58.0,8.3
DHI,1917900032.0,6643400192.0,-4725500160.0,6.37,0.432,27.453,2875425024.0,283579613.0,324027360.0,343953023.0,-0.12482818426197097,-0.1755280691340224,131000000.0,34250400000.0,0.0038247728493681827,59.0,5.0
DHR,5701000192.0,19683999744.0,-13982999552.0,1.868,1.402,37.17,4568500224.0,707770627.0,719100000.0,728300000.0,-0.015754933945209288,-0.028188072222985035,298000000.0,24568000000.0,0.012129599478997069,66.0,10.0
DIA,,,,,,,,81242896.0,,,,,,,,,
DINO,1148000000.0,3372999936.0,-2224999936.0,1.794,0.85,34.67,1380499968.0,180275437.0,188405537.0,197079202.0,-0.043152128803942744,-0.08526401989389017,33000000.0,26869000000.0,0.0012281811753321673,62.0,5.0
DIS,5681999872.0,47358001152.0,-41676001280.0,0.679,0.554,41.069,3751375104.0,1736511424.0,1808587380.0,1781000000.0,-0.03985207283708902,-0.0249795485682201,1363000000.0,94425000000.0,0.014434736563410114,45.0,10.0
DLR,2464262912.0,19452149760.0,-16987886848.0,1.227,1.119,76.592,3278001664.0,369976002.0,336637000.0,291148000.0,0.09903546550141547,0.27074890433731297,93766000.0,6112692000.0,0.015339559068246853,62.0,66.7
DLTR,1007299968.0,7593299968.0,-6586000000.0,1.161,0.316,216.518,1443624960.0,192174588.0,215078018.0,221222984.0,-0.10648893928341854,-0.1313082188602971,58900000.0,19411800000.0,0.003034236907448047,52.0,5.0
DNA,373456000.0,410700000.0,-37244000.0,5.151,4.947,92.677,-77930000.0,53361141.0,54365785.0,47299399.0,-0.01847934321191168,0.1281568503650543,81546000.0,170155000.0,0.4792453939055567,60.0,53.3
DOC,1177075968.0,10712860672.0,-9535784704.0,2.039,1.407,118.243,1109761536.0,689419702.0,699485139.0,546641973.0,-0.014389779623323778,0.26119057088944025,14410000.0,2822512000.0,0.005105381305730498,69.0,33.3
DOW,4329999872.0,19634999296.0,-15304999424.0,1.848,0.903,117.133,-675875008.0,720741438.0,703612794.0,704879920.0,0.02434384955200232,0.022502439848194285,,39968000000.0,,49.0,25.0
DOX,214495008.0,1067795008.0,-853300000.0,0.98,0.745,31.191,590408256.0,106164000.0,112890564.0,120842660.0,-0.05958482057012311,-0.12146918977122814,104864000.0,4532913000.0,0.02313390969559751,45.0,10.0
DRNE,,,,,,,,,,,,,,,,,
DRS,328000000.0,271000000.0,57000000.0,1.861,1.472,9.783,264624992.0,266762087.0,265064755.0,260234033.0,0.006403461674865072,0.025085320028068736,32000000.0,3648000000.0,0.008771929824561403,78.0,11.7
DT,1172100992.0,164324000.0,1007776992.0,1.353,1.218,6.293,501819008.0,291475733.0,299813048.0,290411108.0,-0.027808379440510542,0.0036659238254757114,299626000.0,2018387000.0,0.14844824109548863,74.0,36.7
DTCR,,,,,,,,,,,,,,,,,
DUK,2140000000.0,91208998912.0,-89068998912.0,0.661,0.299,161.495,-2246500096.0,779596217.0,776000000.0,770000000.0,0.004634300257731959,0.012462619480519481,,32237000000.0,,32.0,15.0
DUOL,1251609984.0,91873000.0,1159736984.0,2.623,2.41,6.601,312465120.0,40237065.0,44936000.0,40361000.0,-0.10456949884279865,-0.0030706622729862985,137437000.0,1037589000.0,0.13245803492519678,85.0,33.3
DVN,1763000064.0,8702000128.0,-6939000064.0,1.006,0.848,56.404,1600499968.0,1153403107.0,651000000.0,653000000.0,0.7717405637480799,0.7663140995405819,99000000.0,17188000000.0,0.005759832441238073,58.0,61.7
DYN,972156032.0,168679008.0,803477024.0,19.923,18.969,19.499,-292282240.0,165313796.0,102318629.0,55636505.0,0.6156764180254995,1.971318849018284,45851000.0,0.0,,72.0,90.0
EAF,120244000.0,1096653952.0,-976409952.0,3.328,1.429,,-37095000.0,26047884.0,25726371.0,25659734.0,0.01249740975903675,0.015126813083876863,4952000.0,504134000.0,0.009822785211868273,63.8,18.3
EH,970137984.0,559953024.0,410184960.0,1.867,1.462,57.169,,56332082.0,143769715.0,116455947.0,-0.6081783844393097,-0.5162799028202484,246158000.0,417981000.0,0.588921506001469,72.5,33.3
EIDO,,,,,,,,,,,,,,,,,
EIS,,,,,,,,2550000.0,,,,,,,,,
EIX,168000000.0,42696998912.0,-42528998912.0,0.74,0.285,226.101,-1134000000.0,384793941.0,384784719.0,382208498.0,2.3966648218168975e-05,0.006764483295188272,,19317000000.0,,32.0,15.0
EL,3126000128.0,9299999744.0,-6173999616.0,1.268,0.824,232.908,1807624960.0,247287571.0,358688603.0,357055550.0,-0.3105786776280706,-0.3074254944363699,304000000.0,14326000000.0,0.021220159151193633,58.0,10.0
ELV,37072998400.0,31842000896.0,5230997504.0,1.479,1.332,72.299,4298625024.0,217162380.0,227479695.0,237958067.0,-0.04535488321276323,-0.08739223369132512,276000000.0,199125000000.0,0.0013860640301318267,74.0,5.0
EMB,,,,,,,,,,,,,,,,,
EMN,666000000.0,5454000128.0,-4788000128.0,1.465,0.68,89.616,434000000.0,114349960.0,115168382.0,118796867.0,-0.0071063080490268585,-0.037432864285890634,,8752000000.0,,52.0,5.0
EMOTF,15566424.0,8680689.0,6885735.0,10.775,10.302,12.733,-18928672.0,296623968.0,247605968.0,204042332.0,0.19796776465420252,0.45373739406193414,6882349.0,0.0,,72.0,90.0
EMR,1791000064.0,14056999936.0,-12265999872.0,0.868,0.588,69.182,3272250112.0,560100000.0,570200000.0,591400000.0,-0.017713083128726763,-0.052925262089956036,263000000.0,18016000000.0,0.014598134991119005,45.0,10.0
ENPH,930641024.0,612126976.0,318514048.0,3.799,2.714,55.529,91614248.0,131798220.0,132448000.0,136441000.0,-0.004905925344286059,-0.03402774825748858,214090000.0,1472985000.0,0.14534431783079937,85.0,33.3
ENVX,528736000.0,543788992.0,-15052992.0,10.974,10.466,224.03,-72119248.0,218153440.0,190559335.0,157461802.0,0.14480584223281426,0.3854372122579926,49367000.0,31821000.0,1.5513968762766726,60.0,90.0
EOG,3848999936.0,8305999872.0,-4456999936.0,1.716,1.425,26.873,2864250112.0,532628530.0,557208477.0,587696476.0,-0.04411265803481306,-0.09370133776333892,216000000.0,22582000000.0,0.009565140377291649,66.0,5.0
EOSE,410660000.0,642889024.0,-232229024.0,4.708,3.793,,-281868256.0,354802119.0,221791205.0,82653781.0,0.5997123014864363,3.29263023067269,24876000.0,114203000.0,0.21782264914231675,68.8,90.0
EPD,191000000.0,34380001280.0,-34189001280.0,0.91,0.496,113.126,155875008.0,2163518271.0,2165699962.0,2170806347.0,-0.0010073837735053717,-0.003357312829894725,,52596000000.0,,45.0,5.0
EPI,,,,,,,,,,,,,,,,,
EQIX,1362000000.0,23335999488.0,-21973999488.0,1.178,0.554,162.961,2725125120.0,98624248.0,97287000.0,92620703.0,0.013745392498483867,0.06481860756336517,498000000.0,9217000000.0,0.054030595638494085,52.0,38.3
EQNR,20096000000.0,31857000448.0,-11761000448.0,1.239,0.89,72.996,18090625024.0,2377489052.0,2727526828.0,3121942270.0,-0.12833522750596388,-0.2384583549650327,,105828000000.0,,58.0,5.0
EQT,326568000.0,5992411136.0,-5665843136.0,0.658,0.541,20.816,2503225856.0,625478000.0,596870000.0,365363000.0,0.047930035016000135,0.7119358008336915,60781000.0,8353217000.0,0.007276358317998922,45.0,53.3
ERII,86151000.0,8845000.0,77306000.0,9.283,7.308,4.8,20733500.0,51545259.0,54785861.0,56076879.0,-0.059150334426614194,-0.08081084541099372,7719000.0,134987000.0,0.05718328431626749,85.0,18.3
ERJ,,,,,,,,,,,,,,,,,
ESI,178000000.0,2161299968.0,-1983299968.0,2.683,1.573,78.598,23137500.0,243686070.0,242182073.0,240800000.0,0.006210191288601283,0.011985340531561462,59100000.0,2551200000.0,0.023165569143932266,73.0,16.7
ESTC,1370262016.0,591563008.0,778699008.0,1.679,1.523,46.343,461714368.0,103951633.0,105534887.0,97366947.0,-0.015002185959605945,0.06762752867253813,298435000.0,1739331000.0,0.1715803374975781,82.0,43.3
ET,951000000.0,71106002944.0,-70155002944.0,1.169,0.884,142.243,1720499968.0,3441159277.0,3431088022.0,3094445367.0,0.002935294849745478,0.11204395905561967,148000000.0,85536000000.0,0.001730265619154508,58.0,28.3
ETHD,,,,,,,,,,,,,,,,,
ETN,751000000.0,21833000960.0,-21082000960.0,1.193,0.686,110.463,2646500096.0,388300000.0,392900000.0,397800000.0,-0.011707813693051667,-0.023881347410759174,,27448000000.0,,52.0,5.0
EVEX,432572000.0,299233984.0,133338016.0,3.796,3.595,533.832,-146164624.0,348304584.0,297644298.0,269094021.0,0.17020412062454493,0.2943601745800216,4317000.0,0.0,,72.0,90.0
EVGO,122435000.0,322475008.0,-200040008.0,2.068,1.516,91.44,-114275752.0,141059365.0,130692448.0,70966476.0,0.07932299959673263,0.9876901454145758,27110000.0,384086000.0,0.07058315064855267,60.0,83.3
EW,3671500032.0,702899968.0,2968600064.0,4.421,3.296,6.806,902137472.0,575800000.0,588600000.0,608300000.0,-0.021746517159361198,-0.05342758507315469,158100000.0,6067600000.0,0.026056430878765906,85.0,10.0
EWC,,,,,,,,94800000.0,,,,,,,,,
EWJ,,,,,,,,227850000.0,,,,,,,,,
EWM,,,,,,,,14925000.0,,,,,,,,,
EWT,,,,,,,,85000000.0,,,,,,,,,
EWTX,499561984.0,3793000.0,495768984.0,22.614,22.16,0.769,-90515248.0,107593006.0,94838466.0,63257376.0,0.13448699180773338,0.700876843200072,34752000.0,0.0,,78.0,90.0
EWW,,,,,,,,18900000.0,,,,,,,,,
EWY,,,,,,,,75600000.0,,,,,,,,,
EWZ,,,,,,,,200550000.0,,,,,,,,,
EXAS,,,,,,,,,,,,,,,,,
EXEL,777206976.0,169540992.0,607665984.0,3.258,3.01,8.758,629119360.0,251355083.0,281732000.0,323951000.0,-0.10782203299589681,-0.2240953631876426,112983000.0,2320126000.0,0.04869692421877088,85.0,18.3
EXPI,124245000.0,0.0,124245000.0,1.527,1.167,,116488752.0,159268414.0,154133385.0,152839239.0,0.033315488399868726,0.04206495034956305,142979000.0,4772311000.0,0.029960117854850615,91.2,40.0
EZA,,,,,,,,7900000.0,,,,,,,,,
F,21778999296.0,159511003136.0,-137732003840.0,1.09,0.88,425.544,-2247500032.0,3913840554.0,3963444836.0,3999960120.0,-0.012515446550294814,-0.021530106155158366,510000000.0,187267000000.0,0.002723384258838984,45.0,5.0
FANG,174000000.0,13898000384.0,-13724000384.0,0.561,0.485,32.594,1397250048.0,281313297.0,290984373.0,179840797.0,-0.03323572293691524,0.5642351551633749,,14929000000.0,,45.0,47.5
FANUY,753871028224.0,0.0,753871028224.0,6.893,5.14,,159451873280.0,1866315898.0,933264319.0,952920290.0,0.9997720474300057,0.958522572753698,,857831000000.0,,100.0,90.0
FARO,,,,,,,,,,,,,,,,,
FAST,308600000.0,445500000.0,-136900000.0,4.392,2.128,11.167,903862528.0,1148035061.0,1146640904.0,1141623348.0,0.0012158619103300366,0.005616312079840189,8400000.0,8200500000.0,0.001024327784891165,73.0,11.7
FATE,174822000.0,76785000.0,98037000.0,5.85,5.746,42.728,-50068500.0,116559186.0,113928279.0,97294917.0,0.023092659900532685,0.19799871970701202,24924000.0,6646000.0,3.750225699668974,72.0,71.7
FBTC,,,,,,,,,,,,,,,,,
FCEL,373167008.0,158903008.0,214264000.0,8.593,6.706,20.156,-16818876.0,79929602.0,20375932.0,13518766.0,2.922745815995067,4.912492456781928,11088000.0,158162000.0,0.07010533503622868,72.0,83.3
FCX,3736999936.0,10401000448.0,-6664000512.0,2.386,0.861,33.008,1709874944.0,1437559865.0,1436927710.0,1430000000.0,0.000439935144684488,0.005286618881118881,121000000.0,25915000000.0,0.004669110553733359,65.0,11.7
FERG,820000000.0,6080999936.0,-5260999936.0,1.784,0.788,103.524,,193937826.0,201343253.0,211092605.0,-0.03678011003428061,-0.0812666033469055,28000000.0,,,52.5,5.0
FETH,,,,,,,,,,,,,,,,,
FICO,219419008.0,3656617984.0,-3437198976.0,2.223,2.071,,730540992.0,23190906.0,24392000.0,25154000.0,-0.04924130862577895,-0.07804301502743102,156667000.0,1990869000.0,0.07869277184988063,85.0,26.7
FIG,1638464000.0,56164000.0,1582300000.0,2.5,2.359,3.855,813476480.0,445682595.0,487460903.0,,-0.08570596686397226,,1364133000.0,1055788000.0,1.2920520028642113,85.0,47.5
FIP,37860000.0,3959724032.0,-3921864032.0,1.099,0.46,482.857,-213052752.0,118163555.0,113934860.0,99445074.0,0.0371150234440978,0.18822934356708307,11076000.0,502520000.0,0.02204091379447584,39.0,58.3
FIS,755000000.0,21145999360.0,-20390999360.0,0.588,0.418,132.328,2446874880.0,516879151.0,531000000.0,591000000.0,-0.026592935969868173,-0.12541598815566835,181000000.0,10677000000.0,0.016952327432799476,45.0,10.0
FISV,798000000.0,29123000000.0,-28325000000.0,,,,,533253986.0,564000000.0,630000000.0,-0.054514209219858153,-0.15356510158730158,357000000.0,21193000000.0,0.01684518473080734,40.0,10.0
FLAU,,,,,,,,,,,,,,,,,
FLNC,387299008.0,401968000.0,-14668992.0,1.435,0.716,87.731,-133672128.0,132811490.0,129421797.0,114873121.0,0.026191051882860195,0.1561581059506514,19540000.0,2262830000.0,0.008635204588943932,39.0,43.3
FLO,252683008.0,1465965952.0,-1213282944.0,0.771,0.416,111.007,239973744.0,211993230.0,210597558.0,211133966.0,0.0066271993524255396,0.00406975730281124,32310000.0,5256479000.0,0.0061467001009611185,45.0,11.7
FLSA,,,,,,,,,,,,,,,,,
FMET,,,,,,,,,,,,,,,,,
FOUR,473000000.0,4582000128.0,-4109000128.0,1.222,0.692,257.416,488449984.0,79328924.0,69257131.0,57043029.0,0.14542607894052095,0.3906856874658602,82000000.0,4180000000.0,0.019617224880382776,52.0,66.7
FROG,741244032.0,16447000.0,724797032.0,2.261,2.136,1.78,169905120.0,121119724.0,112754822.0,100907857.0,0.0741866454279002,0.2003002303378616,156657000.0,531840000.0,0.29455663357400724,85.0,90.0
FSLR,2426561024.0,587123008.0,1839438016.0,2.557,1.911,5.943,1147664768.0,107453363.0,107060281.0,106609094.0,0.0036715950708180937,0.00791929626566379,19223000.0,5219376000.0,0.0036830073173498134,85.0,11.7
FSLY,330488992.0,397745984.0,-67256992.0,2.999,2.818,40.705,116781872.0,156500000.0,142086129.0,124336171.0,0.10144460336448465,0.2586844097040756,117323000.0,624018000.0,0.18801220477614428,73.0,90.0
FTML,,,,,,,,,,,,,,,,,
FTNT,3294899968.0,567200000.0,2727699968.0,1.153,1.034,57.31,1813049984.0,732648391.0,767000000.0,781500000.0,-0.044786973924380705,-0.06251005630198336,279500000.0,6799600000.0,0.04110535913877287,74.0,18.3
FTV,356100000.0,3582099968.0,-3225999968.0,0.708,0.527,58.806,953612480.0,304861021.0,341200000.0,352900000.0,-0.10650345545134818,-0.13612632190422216,116800000.0,4159100000.0,0.028082998725685846,45.0,10.0
FUBO,237812992.0,408232000.0,-170419008.0,0.994,0.933,15.376,-131164496.0,29443758.0,24934596.0,12829241.0,0.18083958528945085,1.2950506581020653,42510000.0,1622796000.0,0.026195529197754985,38.0,66.7
FXI,,,,,,,,129450000.0,,,,,,,,,
FXY,,,,,,,,2050000.0,,,,,,,,,
GAMB,8959000.0,120906000.0,-111947000.0,1.307,1.174,112.841,10643375.0,35246174.0,34762899.0,36470341.0,0.013902033889636189,-0.03356609690049238,6937000.0,165447000.0,0.0419288352161115,62.0,28.3
GBDC,72192000.0,4702477824.0,-4630285824.0,2.679,1.768,125.462,297988512.0,260495181.0,264277128.0,170895670.0,-0.014310534659662262,0.5242936289725773,,407833000.0,,73.0,47.5
GD,3654000128.0,9831999488.0,-6177999360.0,1.384,0.795,37.701,5289500160.0,270430187.0,270340502.0,274411106.0,0.0003317482927511912,-0.014507135144887322,196000000.0,52550000000.0,0.0037297811607992387,58.0,8.3
GDRX,235710000.0,541350976.0,-305640976.0,1.474,0.559,87.036,84616376.0,104711186.0,382815000.0,397025000.0,-0.7264705249271841,-0.736260472262452,76626000.0,796853000.0,0.09616077243858026,52.0,26.7
GDX,,,,,,,,,,,,,,,,,
GDXY,,,,,,,,,,,,,,,,,
GE,10581000192.0,21321000960.0,-10740000768.0,1.008,0.65,116.527,5667999744.0,1043337235.0,1073692183.0,1089107878.0,-0.028271555368118016,-0.04202581206560697,,45855000000.0,,52.0,5.0
GENI,197444000.0,30550000.0,166894000.0,1.596,1.355,4.395,100554000.0,267338957.0,211156026.0,205837194.0,0.26607306485300114,0.2987883861261731,148542000.0,669489000.0,0.22187369770078375,78.0,90.0
GEV,9772000256.0,3755000064.0,6017000192.0,0.893,0.564,24.925,9315624960.0,268719995.0,275654024.0,274085523.0,-0.0251548259640135,-0.019576108731580107,,38068000000.0,,57.0,5.0
GFS,3003000064.0,1724000000.0,1279000064.0,2.592,1.839,14.675,1192999936.0,548700833.0,552912823.0,547754986.0,-0.007617819346541,0.0017267702242330662,200000000.0,6791000000.0,0.02945074363127669,85.0,13.3
GGAL,7158633070592.0,6732984090624.0,425648979968.0,,,,,132503208.0,1593110474.0,1478888638.0,-0.9168273574479054,-0.9104035255966312,,8537670344000.0,,100.0,5.0
GH,1102759936.0,1704556032.0,-601796096.0,4.681,4.245,,-85448128.0,132599929.0,123994006.0,102619383.0,0.06940595983325194,0.2921528577111012,166217000.0,982021000.0,0.16926012783840672,68.8,81.7
GILD,9816999936.0,22173999104.0,-12356999168.0,1.967,1.536,94.635,7934125056.0,1241569874.0,1246265857.0,1247000000.0,-0.003768042728302072,-0.004354551724137931,894000000.0,29442000000.0,0.030364785001018954,70.0,18.3
GILT,171014000.0,7469000.0,163545000.0,2.022,1.565,1.393,9983750.0,75470948.0,57017032.0,56610404.0,0.32365620153641106,0.33316391806707474,8420000.0,451657000.0,0.018642465410698826,91.0,66.7
GIS,399000000.0,0.0,399000000.0,0.682,0.346,217.629,2308499968.0,533708396.0,542413328.0,586600000.0,-0.01604852158057591,-0.09016638936242755,79400000.0,18424600000.0,0.004309455836218968,57.0,5.0
GLCR,,,,,,,,,,,,,,,,,
GLD,,,,,,,,260300000.0,,,,,,,,,
GLW,1755000064.0,9923999744.0,-8168999680.0,1.61,0.749,80.363,612000000.0,860637825.0,854000000.0,823000000.0,0.007772628805620609,0.04573247266099636,286000000.0,15629000000.0,0.01829931537526393,56.0,23.3
GLXY,1534283008.0,4651845120.0,-3117562112.0,1.699,0.402,167.416,,191491823.0,127577780.0,104811539.0,0.5009809937122279,0.8270108885625657,53612000.0,60406728000.0,0.000887517032870908,45.0,61.7
GM,24418000896.0,128773996544.0,-104355995648.0,1.152,0.893,199.048,22466625536.0,901665195.0,1000000000.0,1400000000.0,-0.098334805,-0.35595343214285713,,185019000000.0,,58.0,5.0
GMAB,1524999936.0,5351000064.0,-3826000128.0,2.184,2.166,94.175,830374976.0,613935890.0,63540179.0,65371625.0,8.662168090524265,8.391473594239091,128000000.0,3720000000.0,0.034408602150537634,73.0,75.0
GNTX,175047472.0,10813461.0,164234011.0,2.718,1.337,0.432,265538848.0,212951848.0,227207472.0,234169335.0,-0.06274276050217222,-0.09060745293571423,36649818.0,2534268965.0,0.014461692308969265,92.0,10.0
GOOGL,126839996416.0,95875997696.0,30963998720.0,1.922,1.707,20.026,27921750016.0,5867155790.0,12211000000.0,12849000000.0,-0.5195188117271313,-0.5433764658728306,24953000000.0,402836000000.0,0.06194332184809699,82.0,26.7
GOP,,,,,,,,,,,,,,,,,
GPN,5861312000.0,23587248128.0,-17725936128.0,0.792,0.493,95.593,7124387840.0,273543507.0,248708899.0,263081872.0,0.0998541190116402,0.03976570077013896,153647000.0,7705878000.0,0.01993893492733729,45.0,48.3
GPRE,95719000.0,558761024.0,-463042024.0,1.705,0.904,70.638,-4822625.0,70030174.0,64707223.0,59295496.0,0.08226208378622585,0.1810369880370003,17122000.0,2091680000.0,0.00818576455289528,49.0,61.7
GPUS,10548000.0,113464000.0,-102916000.0,0.527,0.141,110.259,-110621128.0,322910003.0,1259893.0,1456.0,255.2995452788451,221777.8482142857,709000.0,102112000.0,0.0069433563146349105,32.0,61.7
GRBK,144934000.0,282374016.0,-137440016.0,7.349,0.538,14.234,81936376.0,43144552.0,44498097.0,46032930.0,-0.03041804237156479,-0.06274590820093355,12323000.0,2039994000.0,0.006040704041286396,59.0,5.0
GS,1142199943168.0,839667023872.0,302532919296.0,1.5,1.349,678.596,,295007421.0,310653708.0,334918639.0,-0.05036568563990873,-0.11916690608551052,3445000000.0,58283000000.0,0.05910814474203455,72.5,18.3
GSAT,358448000.0,537824000.0,-179376000.0,1.604,1.492,156.884,-283683744.0,128788931.0,126424798.0,120738313.0,0.01869991518594319,0.06667823824903037,23413000.0,272986000.0,0.08576630303385521,53.0,46.7
GTLB,1357511936.0,0.0,1357511936.0,2.549,2.428,,312896736.0,167800000.0,163913000.0,151144000.0,0.02371379939358074,0.11019954480495421,214951000.0,955224000.0,0.22502679999665,100.0,63.3
HAL,2003000064.0,8080999936.0,-6077999872.0,2.083,1.3,74.651,2027000064.0,835397735.0,868000000.0,902000000.0,-0.03756021313364055,-0.0738384312638581,,22184000000.0,,69.0,5.0
HALO,318622016.0,2177056000.0,-1858433984.0,2.762,2.138,991.211,228120752.0,118613000.0,123138000.0,135154000.0,-0.03674738910815508,-0.12238631487044409,51565000.0,1396611000.0,0.03692151930637808,73.0,18.3
HBAN,20139999232.0,23893000192.0,-3753000960.0,,,,,2027130587.0,1453635809.0,1443068036.0,0.39452438805461487,0.40473666967147764,113000000.0,8131000000.0,0.013897429590456279,40.0,66.7
HCA,1064000000.0,49844998144.0,-48780998144.0,0.834,0.643,,5726000128.0,221839800.0,249981400.0,277378300.0,-0.11257477556330191,-0.20022654980580673,401000000.0,75600000000.0,0.005304232804232804,50.0,5.0
HCAT,108823000.0,170578000.0,-61755000.0,1.694,1.564,123.478,23985500.0,73894020.0,64043799.0,55261922.0,0.15380444561072962,0.3371597897011255,27012000.0,311136000.0,0.08681734032705955,70.0,83.3
HD,1600999936.0,63730999296.0,-62129999360.0,1.045,0.231,459.356,10128249856.0,997116682.0,994000000.0,1016000000.0,0.0031354949698189135,-0.018585942913385826,522000000.0,164683000000.0,0.003169726079801801,52.0,8.3
HEI,210335008.0,2587290112.0,-2376955104.0,2.918,1.192,47.988,708155008.0,55170957.0,138813000.0,136612000.0,-0.6025519439821919,-0.5961485301437648,34381000.0,4485044000.0,0.007665699600717406,69.0,5.0
HES,,,,,,,,,,,,,,,,,
HIMS,750875008.0,1132036992.0,-381161984.0,1.689,1.455,253.725,174305120.0,223080072.0,220837209.0,208429312.0,0.010156182511797639,0.0702912649829214,135244000.0,2347637000.0,0.05760856554910321,66.0,38.3
HIMX,287609984.0,595200000.0,-307590016.0,1.618,0.617,64.49,-18082876.0,174425914.0,349800000.0,348833050.0,-0.5013553058890795,-0.49997308454574474,730000.0,832173000.0,0.0008772214431374245,43.0,5.0
HIVE,32854000.0,71066000.0,-38212000.0,1.099,0.752,13.425,142603376.0,267430821.0,165615186.0,82241988.0,0.614772337362831,2.2517553077632315,25457000.0,297791000.0,0.08548612953380055,58.0,83.3
HL,607118016.0,285129984.0,321988032.0,4.94,4.381,11.091,277069760.0,670712403.0,631734791.0,599486942.0,0.06169932787507345,0.11881069629703461,10918000.0,1423019000.0,0.007672420396354511,85.0,45.0
HMC,5363801784320.0,13796360847360.0,-8432559063040.0,1.281,0.95,113.568,-1265908449280.0,1297526814.0,4346509571.0,4993021767.0,-0.7014784408489227,-0.7401319532440965,,21796610000000.0,,45.0,5.0
HON,12389999616.0,37751001088.0,-25361001472.0,1.385,0.926,257.387,2936875008.0,316826559.0,324900000.0,333800000.0,-0.024849002770083103,-0.050849134212103055,196000000.0,37442000000.0,0.005234763100261738,58.0,5.0
HOOD,19270000640.0,13610000384.0,5660000256.0,1.114,1.07,140.483,,791184698.0,884492983.0,892751571.0,-0.10549352769709876,-0.1137683497842873,305000000.0,4473000000.0,0.06818689917281466,67.5,26.7
HOVR,19674000.0,14000.0,19660000.0,14.809,14.04,0.099,-6980125.0,61762932.0,18607931.0,16692602.0,2.3191724539391294,2.700018247604538,1492000.0,0.0,,87.0,90.0
HPQ,3703000064.0,10864000000.0,-7160999936.0,0.794,0.439,,3450874880.0,914522690.0,938989000.0,980000000.0,-0.026056013435727148,-0.06681358163265307,522000000.0,55295000000.0,0.009440274889230492,50.0,5.0
HRL,574262976.0,250000000.0,324262976.0,1.938,0.931,4.244,471169760.0,550314959.0,548605305.0,546237051.0,0.00311636432316308,0.007465454773773667,25602000.0,12106160000.0,0.0021147911476471484,74.0,11.7
HSAI,5716695040.0,817158016.0,4899537024.0,4.974,4.302,9.155,,1041146800.0,131159711.0,125534593.0,6.93800773165778,7.293704349684712,114652000.0,3027573000.0,0.03786927681017105,81.2,75.0
HSBC,1162820976640.0,773452988416.0,389367988224.0,,,,,3429641901.0,17935716398.0,19968334003.0,-0.8087814378363812,-0.8282459668150213,621000000.0,71020000000.0,0.008744015770205575,100.0,5.0
HTGC,42365000.0,2554234112.0,-2511869112.0,0.118,0.115,114.694,247843504.0,187118590.0,170575000.0,133045000.0,0.09698719038546094,0.4064308316734939,,438518000.0,,45.0,90.0
HUBS,1691052032.0,247291008.0,1443761024.0,1.609,1.348,12.384,656183360.0,51190708.0,51767000.0,49217000.0,-0.011132420267738134,0.040102159822825445,528153000.0,3131266000.0,0.16867075489594305,78.0,43.3
HUM,21965000704.0,14371000320.0,7594000384.0,1.771,1.264,77.073,1431374976.0,120061500.0,120641615.0,124974643.0,-0.004808581184858973,-0.03931311890204799,241000000.0,129664000000.0,0.0018586500493583415,78.0,5.0
HUMA,48539000.0,66501000.0,-17962000.0,3.929,3.025,572.101,-64806624.0,269638156.0,130027509.0,103229013.0,1.0737008504869534,1.6120384973553898,9753000.0,2038000.0,4.785574092247301,60.0,90.0
HUMN,,,,,,,,,,,,,,,,,
HUN,369000000.0,2487000064.0,-2118000064.0,1.268,0.666,85.7,297624992.0,175385274.0,172144779.0,183634464.0,0.018824242122382345,-0.044921796379137194,31000000.0,5683000000.0,0.0054548653879992965,52.0,15.0
HUT,160016000.0,422911008.0,-262895008.0,0.858,0.662,25.022,-300598368.0,112594112.0,99478012.0,88550105.0,0.131849237196256,0.27152996600060497,57802000.0,235118000.0,0.2458425131210711,32.0,90.0
HXGBY,1978099968.0,3254000128.0,-1275900160.0,3.443,0.903,26.983,-6078737408.0,2574127888.0,2684377888.0,2689677888.0,-0.041070968619154415,-0.04296053461105005,35500000.0,5424600000.0,0.006544261328024186,52.0,5.0
HYDR,,,,,,,,,,,,,,,,,
HYFM,4811000.0,160398000.0,-155587000.0,0.335,0.112,,16036375.0,4764612.0,4614279.0,4519724.0,0.032579954528107205,0.05418206952459929,1179000.0,134252000.0,0.008781992074605964,50.0,35.0
HYG,,,,,,,,195600000.0,,,,,,,,,
HYMTF,,,,,,,,,,,,,,,,,
HYSR,32878358.0,0.0,32878358.0,46.619,45.423,,-3765351.0,5727959657.0,5087245974.0,4271749146.0,0.12594509608431997,0.3408932643817751,665058.0,0.0,,83.8,90.0
IAU,,,,,,,,970150016.0,,,,,,,,,
IBB,,,,,,,,69700000.0,,,,,,,,,
IBM,11783000064.0,69802000384.0,-58019000320.0,0.796,0.644,211.169,13080750080.0,939885280.0,926290070.0,906091977.0,0.014677054672517433,0.037295665183888944,1715000000.0,67536000000.0,0.025393864013266997,45.0,30.0
IBOT,,,,,,,,,,,,,,,,,
ICE,863000000.0,20984999936.0,-20121999936.0,1.011,0.026,70.986,3743124992.0,565512495.0,574176497.0,559000000.0,-0.015089440346771978,0.01165025939177102,238000000.0,12640000000.0,0.018829113924050633,52.0,13.3
ICLN,,,,,,,,,,,,,,,,,
IDCC,1081858944.0,401721984.0,680136960.0,1.878,1.816,36.385,462150016.0,25845029.0,25682000.0,29668000.0,0.006347986916906783,-0.12885839962248888,43156000.0,834015000.0,0.0517448726941362,82.0,21.7
IDXX,200528000.0,1105451008.0,-904923008.0,1.119,0.691,71.04,786844480.0,78882997.0,81604000.0,82894000.0,-0.03334399049066222,-0.04838713296499143,60013000.0,4303702000.0,0.013944506380785659,52.0,10.0
IDYA,671201024.0,28600000.0,642601024.0,10.737,10.454,3.051,-57254500.0,96274802.0,86503509.0,48193179.0,0.11295834253382715,0.99768523259277,46115000.0,218710000.0,0.21084998399707375,72.0,90.0
IEF,,,,,,,,146000000.0,,,,,,,,,
IEUR,,,,,,,,,,,,,,,,,
IFF,562000000.0,6467999744.0,-5905999744.0,1.492,0.705,45.701,3702625024.0,255303473.0,255682329.0,254968463.0,-0.0014817449507822655,0.0013139272051853723,88000000.0,10890000000.0,0.00808080808080808,52.0,8.3
IFNNY,2152999936.0,8294000128.0,-6141000192.0,1.591,0.701,47.645,1356125056.0,1299499659.0,1299163212.0,1302231236.0,0.00025897208056103733,-0.002097612869731532,188000000.0,14662000000.0,0.012822261628700041,56.0,13.3
IGV,,,,,,,,12500000.0,,,,,,,,,
IHF,,,,,,,,,,,,,,,,,
IHI,,,,,,,,,,,,,,,,,
ILIT,,,,,,,,,,,,,,,,,
ILMN,1155000064.0,2544000000.0,-1388999936.0,1.748,1.225,95.067,845625024.0,151300000.0,159000000.0,158000000.0,-0.048427672955974846,-0.04240506329113924,275000000.0,4343000000.0,0.06332028551692379,66.0,26.7
IMMR,177920992.0,310769984.0,-132848992.0,1.829,1.091,55.297,,33100452.0,31528977.0,34390765.0,0.04984224511946582,-0.03751917120773556,15278000.0,1555876000.0,0.009819548601559508,57.5,25.0
IMNM,582692992.0,3694000.0,578998992.0,21.681,21.257,0.627,-139312992.0,113250394.0,64460829.0,12128843.0,0.7568870235907142,8.337279244195015,25690000.0,6941000.0,3.701195793113384,83.0,90.0
INCY,4015824896.0,39430000.0,3976394896.0,3.682,3.402,0.701,558867008.0,199782155.0,193434305.0,222746719.0,0.032816567878174455,-0.10309720431841692,249346000.0,5141242000.0,0.048499175880069446,91.0,38.3
INDA,,,,,,,,,,,,,,,,,
INDI,174432992.0,430907008.0,-256474016.0,4.108,3.018,123.487,-1717250.0,211288591.0,189163408.0,126824465.0,0.116963334684687,0.6659923698475685,65108000.0,217394000.0,0.29949308628573007,60.0,90.0
INFY,3705999872.0,967000000.0,2738999872.0,1.978,1.716,9.827,3170249984.0,4048927919.0,4143607528.0,4136387925.0,-0.022849560041633365,-0.021144053117310074,108000000.0,20158000000.0,0.005357674372457585,82.0,5.0
INOD,117366000.0,4099000.0,113267000.0,2.491,2.34,3.198,50489124.0,32655358.0,31300000.0,27405000.0,0.04330217252396166,0.19158394453566868,11144000.0,251663000.0,0.044281439862037725,85.0,66.7
INSM,1223513984.0,742462016.0,481051968.0,4.469,3.884,105.336,-606202112.0,216752451.0,179382635.0,135653731.0,0.2083246017653827,0.5978362659262206,152710000.0,606423000.0,0.2518209236786863,72.0,90.0
INTC,32789000192.0,45030998016.0,-12241997824.0,2.312,1.657,36.028,-8301250048.0,5026000000.0,4330000000.0,4137000000.0,0.1607390300230947,0.21489001692047377,2434000000.0,52853000000.0,0.0460522581499631,60.0,75.0
INTU,6780000256.0,6899999744.0,-119999488.0,1.453,0.624,33.448,5232000000.0,273537000.0,280268000.0,281932000.0,-0.024016298685543835,-0.029776683739341402,1968000000.0,18831000000.0,0.10450852317986299,52.0,33.3
INVH,137576992.0,8858251264.0,-8720674272.0,1.497,0.508,97.038,1021075392.0,594041956.0,612605478.0,611411382.0,-0.03030257264529391,-0.028408738390153163,27830000.0,2729296000.0,0.010196768690534116,52.0,10.0
INVZ,60110000.0,34492000.0,25618000.0,2.207,1.923,57.81,-18500876.0,221365334.0,169397030.0,136185264.0,0.3067840327542933,0.6254720040782092,15954000.0,55089000.0,0.2896040951914175,72.0,90.0
IONQ,2033469952.0,30443000.0,2003026952.0,14.052,13.123,0.61,-91360376.0,373269948.0,221919191.0,199862123.0,0.6820084208039493,0.8676372611132526,312032000.0,130016000.0,2.399950775289195,83.0,90.0
IONZ,,,,,,,,,,,,,,,,,
IOT,804318976.0,69020000.0,735298976.0,1.621,1.202,4.578,242680256.0,372784485.0,565719239.0,524160209.0,-0.3410432962135834,-0.28879667208771276,314983000.0,1618635000.0,0.19459791738100313,78.0,33.3
IPGP,812905024.0,16312000.0,796593024.0,5.798,4.09,0.771,603625.0,42443616.0,42548561.0,48138257.0,-0.0024664758932740403,-0.1182976151379972,42947000.0,1003777000.0,0.04278539954591508,91.0,18.3
IQV,2103000064.0,16216999936.0,-14113999872.0,0.747,0.658,255.426,2156750080.0,166900000.0,176100000.0,185700000.0,-0.05224304372515616,-0.10123855681206247,247000000.0,16310000000.0,0.015144083384426733,45.0,10.0
IRD,59959000.0,1198000.0,58761000.0,7.131,6.71,,-39270624.0,82565835.0,31574657.0,20861315.0,1.6149400451127625,2.9578442202708697,3399000.0,14196000.0,0.23943364327979713,83.8,90.0
IRDM,111644000.0,1788955008.0,-1677311008.0,2.851,1.992,381.969,252985376.0,105956272.0,110357000.0,125902000.0,-0.03987719854653533,-0.1584226461851281,51579000.0,871659000.0,0.05917336940248423,73.0,18.3
IREN,2213274112.0,3964912896.0,-1751638784.0,3.722,3.504,148.804,-2311044352.0,357378674.0,186367686.0,53028867.0,0.9175999963856395,5.7393232067356825,42642000.0,501023000.0,0.08510986521576853,60.0,83.3
IRS,54471999488.0,910038007808.0,-855566008320.0,0.605,0.491,44.648,172340871168.0,84611592.0,764208992.0,,-0.8892821297763531,,,458059000000.0,,45.0,5.0
ISRG,4517300224.0,0.0,4517300224.0,4.61,3.259,,2254087424.0,354162842.0,356600000.0,350000000.0,-0.00683443073471677,0.011893834285714286,788200000.0,10064700000.0,0.07831331286575854,100.0,30.0
ISRL,,,,,,,,,,,,,,,,,
IT,1666946048.0,3355174912.0,-1688228864.0,0.939,0.804,5293.41,1064192896.0,66951889.0,77379853.0,79173554.0,-0.13476329555704894,-0.15436549684254416,155877000.0,6497226000.0,0.02399131567841414,51.0,10.0
ITA,,,,,,,,,,,,,,,,,
ITB,,,,,,,,,,,,,,,,,
ITRI,712849984.0,1602113024.0,-889263040.0,2.658,1.928,98.353,300839744.0,44339347.0,45131000.0,45186000.0,-0.01754122443553212,-0.018737064577524012,62449000.0,2367194000.0,0.026381023270589568,73.0,10.0
ITW,827000000.0,9148000256.0,-8321000256.0,1.188,0.789,283.22,2215749888.0,287700000.0,294000000.0,305000000.0,-0.02142857142857143,-0.05672131147540983,69000000.0,16044000000.0,0.004300673148840688,58.0,5.0
IWM,,,,,,,,281049984.0,,,,,,,,,
IYH,,,,,,,,11000000.0,,,,,,,,,
J,1371911936.0,4558086144.0,-3186174208.0,1.434,1.355,138.776,512446368.0,118080879.0,124253511.0,127393378.0,-0.04967772701408816,-0.0731003380725174,60960000.0,12029783000.0,0.005067423078205151,62.0,5.0
JAZZ,2874299904.0,5416900096.0,-2542600192.0,2.04,1.652,119.518,1335671424.0,62817628.0,60631000.0,63214000.0,0.03606452144942356,-0.006270319865852501,291133000.0,4267586000.0,0.06821959768356162,73.0,46.7
JBTM,211000000.0,1843000064.0,-1632000064.0,1.011,0.477,41.111,375737504.0,52067812.0,31843794.0,31803721.0,0.6351007672012952,0.6371610101849403,23200000.0,3798200000.0,0.0061081564951819284,52.0,61.7
JD,202132996096.0,108019998720.0,94112997376.0,1.18,0.74,38.478,7005875200.0,1350500000.0,2903433255.0,3135679247.0,-0.5348610140514493,-0.569311816158472,4726000000.0,1309085000000.0,0.0036101551847282642,64.0,5.0
JEPI,,,,,,,,,,,,,,,,,
JEPQ,,,,,,,,,,,,,,,,,
JMIA,62567000.0,9665000.0,52902000.0,1.022,0.863,77.043,-25725876.0,123852615.0,244925650.0,201232560.0,-0.49432566576836684,-0.3845299438619675,4604000.0,188930000.0,0.024368813846398135,57.0,10.0
JNJ,22051000320.0,54987001856.0,-32936001536.0,1.025,0.689,67.73,12511375360.0,2407216971.0,2406922000.0,2613597000.0,0.00012255112546231245,-0.0789639829705957,1354000000.0,94193000000.0,0.014374741222808489,52.0,13.3
JNPR,,,,,,,,,,,,,,,,,
JOBY,2466189056.0,747726016.0,1718463040.0,22.055,21.757,38.194,-380630368.0,983642852.0,784176364.0,622602815.0,0.2543643205242029,0.5798882181411275,127887000.0,53425000.0,2.3937669630322884,72.0,90.0
JPM,1582246002688.0,1321104965632.0,261141037056.0,,,,,2679511418.0,2797620401.0,2934257801.0,-0.04221765860650085,-0.08681799633051397,,181847000000.0,,100.0,5.0
KDP,898000000.0,28891000832.0,-27993000832.0,2.307,0.243,85.985,-16345499648.0,1360559471.0,1356664609.0,1408394293.0,0.002870910005436723,-0.033964083948471384,97000000.0,16603000000.0,0.005842317653436126,46.0,8.3
KEY,2280999936.0,17652000768.0,-15371000832.0,,,,,1079368644.0,1106786451.0,933324581.0,-0.02477244546608567,0.15647724915111821,132000000.0,7285000000.0,0.018119423472889497,40.0,38.3
KEYS,2412000000.0,2763000064.0,-351000064.0,1.903,1.334,43.642,1085750016.0,170895368.0,172584000.0,178500000.0,-0.009784406433968386,-0.04260298039215686,162000000.0,5375000000.0,0.03013953488372093,66.0,18.3
KHC,4091000064.0,21133000704.0,-17042000640.0,1.195,0.716,50.258,3212250112.0,1185777638.0,1195000000.0,1224930164.0,-0.007717457740585774,-0.0319630678961711,95000000.0,24942000000.0,0.003808836500681581,52.0,5.0
KIGRY,967200000.0,8003100160.0,-7035900160.0,1.103,0.711,127.552,1070200000.0,524499084.0,131124771.0,131124771.0,3.0,3.0,,11297200000.0,,52.0,90.0
KLAC,4957938176.0,6145359872.0,-1187421696.0,3.026,1.963,105.4,2890187008.0,1306275210.0,1344250000.0,1418040000.0,-0.028249797284731263,-0.07881638740797156,265011000.0,12156162000.0,0.021800548561297553,73.0,10.0
KMB,542000000.0,7105999872.0,-6563999872.0,0.766,0.368,371.264,1054625024.0,331940357.0,331799000.0,337500000.0,0.00042603202541297594,-0.016473016296296297,140000000.0,16447000000.0,0.008512190673071077,45.0,8.3
KMI,76000000.0,32205000704.0,-32129000704.0,0.522,0.32,98.84,1646875008.0,2224825757.0,2221647775.0,2247681626.0,0.0014304616761313571,-0.010168641650852735,,16937000000.0,,45.0,10.0
KMTUY,440335007744.0,1427530973184.0,-987195965440.0,2.111,1.057,38.494,-6125624832.0,893805417.0,922847599.0,945594299.0,-0.03147018210966814,-0.054768606425365095,,4132751000000.0,,56.0,5.0
KNG,,,,,,,,,,,,,,,,,
KO,13820000256.0,44646998016.0,-30826997760.0,1.358,0.782,124.943,3124250112.0,4302482418.0,4302000000.0,4328000000.0,0.00011213807531380753,-0.005895929297597043,279000000.0,47941000000.0,0.0058196533238772654,58.0,8.3
KOPN,34148324.0,1322730.0,32825594.0,2.614,1.565,1.933,-41425024.0,185301283.0,156118014.0,92883524.0,0.18693082401112276,0.9949854938751032,3032295.0,38465639.0,0.07883126548346174,72.0,83.3
KR,2872999936.0,24192000000.0,-21319000064.0,0.791,0.277,373.449,2994500096.0,612647282.0,659600000.0,716000000.0,-0.07118362340812613,-0.1443473715083799,157000000.0,147642000000.0,0.001063383048184121,45.0,5.0
KRRO,113970000.0,42885000.0,71085000.0,8.126,7.707,35.847,-39038124.0,14422571.0,9377259.0,8001283.0,0.5380369679455371,0.8025322938833684,7655000.0,6392000.0,1.1975907384230289,72.0,90.0
KSA,,,,,,,,,,,,,,,,,
KSCP,11401000.0,7891000.0,3510000.0,1.506,1.195,23.207,-19772500.0,16916595.0,4402106.0,766982.0,2.8428413582044594,21.056052162893,1536000.0,11335000.0,0.13550948389942655,65.0,90.0
KSPI,903143000000.0,470576000000.0,432567000000.0,7.063,6.712,11.857,-736221528064.0,190027266.0,190015729.0,190309970.0,6.0716026303275136e-05,-0.0014854923260194935,,4027824000000.0,,72.0,10.0
KTOS,1464300032.0,185400000.0,1278900032.0,5.626,4.852,5.437,-106725000.0,187519984.0,151092292.0,125985306.0,0.24109563444838072,0.4884274202580418,35500000.0,1346800000.0,0.02635877635877636,72.0,66.7
KTWIY,62170001408.0,99049996288.0,-36879994880.0,2.29,1.911,28.796,6467375104.0,54449775.0,112164794.0,112401694.0,-0.5145555654477465,-0.5155786975950736,,402889000000.0,,73.0,5.0
KVUE,1075000064.0,8801999872.0,-7726999808.0,0.983,0.607,82.975,1858000000.0,1920008668.0,1913768088.0,1888972560.0,0.003260886227088138,0.0164301529080973,136000000.0,15124000000.0,0.00899233007140968,45.0,11.7
KWEB,,,,,,,,,,,,,,,,,
KYMR,650929024.0,80469000.0,570460024.0,10.814,10.391,5.226,-139262368.0,82257588.0,64890193.0,55039380.0,0.267642831637132,0.4945224310302914,59904000.0,39211000.0,1.5277345642804314,72.0,90.0
LAES,427694016.0,7998000.0,419696016.0,15.918,15.641,1.733,-10687875.0,222773999.0,101539219.0,9001200.0,1.1939699871041947,23.749366640003554,11261000.0,18252000.0,0.6169734823580978,72.0,90.0
LAR,97433000.0,243990000.0,-146557000.0,0.516,0.516,29.276,17951876.0,163834000.0,161931734.0,135035193.0,0.011747332984157385,0.21326889946386052,15055000.0,0.0,,45.0,62.5
LASE,1627600.0,5791790.0,-4164190.0,0.532,0.329,,-966102.0,38319788.0,14257458.0,7878419.0,1.6877012718536502,3.863893123734597,1579050.0,8342008.0,0.18928895776652335,33.8,90.0
LASR,332593984.0,35583000.0,297010984.0,7.075,6.316,8.29,24213000.0,56408709.0,48948000.0,45629000.0,0.15242112037264036,0.23624688246509895,33411000.0,261330000.0,0.12784984502353347,85.0,90.0
LAZR,,,,,,,,,,,,,,,,,
LCTX,53381000.0,2394000.0,50987000.0,6.893,6.722,4.543,-14671875.0,249298295.0,220416326.0,170093000.0,0.13103371027062669,0.46565875726808276,4752000.0,14556000.0,0.32646331409727947,72.0,90.0
LDOS,457000000.0,6944000000.0,-6487000000.0,1.397,1.106,137.125,1194749952.0,125785466.0,131163899.0,137000000.0,-0.04100543702196593,-0.08185791240875913,95000000.0,17174000000.0,0.005531617561430069,62.0,5.0
LECO,298903008.0,1364840960.0,-1065937952.0,1.826,0.959,90.311,176646496.0,54787110.0,56211219.0,57623539.0,-0.02533496026834074,-0.04922344321823066,20348000.0,4233003000.0,0.004806989269792627,62.0,5.0
LEN,1853501952.0,6245007872.0,-4391505920.0,8.508,1.203,28.692,1077926016.0,210506003.0,268233819.0,289810115.0,-0.21521453266114815,-0.27364162910600964,163494000.0,34186934000.0,0.004782353398523541,69.0,5.0
LHX,1001000000.0,7926000128.0,-6925000128.0,,,34.574,,186294951.0,189794911.0,190611458.0,-0.018440747339110688,-0.022645579889536336,366000000.0,21865000000.0,0.016739080722616054,32.5,10.0
LIN,3959000064.0,26317000704.0,-22358000640.0,0.828,0.624,65.642,4694499840.0,462347310.0,473236732.0,492457627.0,-0.023010517281655134,-0.06114296002161421,164000000.0,33986000000.0,0.0048255163891013945,45.0,5.0
LIT,,,,,,,,,,,,,,,,,
LITE,3172300032.0,3313700096.0,-141400064.0,1.137,0.938,111.445,93350000.0,77800000.0,67900000.0,68000000.0,0.14580265095729014,0.14411764705882352,177200000.0,1645000000.0,0.10772036474164133,58.0,81.7
LKQ,335000000.0,5235999744.0,-4900999744.0,1.544,0.505,80.678,789750016.0,254790835.0,259100000.0,267300000.0,-0.016631281358548824,-0.04679822297044519,34000000.0,13651000000.0,0.0024906600249066002,56.0,5.0
LLY,5281999872.0,43370000384.0,-38088000512.0,1.497,0.721,139.015,9156599808.0,891741406.0,897538000.0,950182000.0,-0.0064583271126125025,-0.06150463174423426,626000000.0,65179000000.0,0.00960432040994799,52.0,5.0
LMND,393800000.0,200400000.0,193400000.0,1.241,0.931,38.687,90900000.0,76820789.0,72720866.0,69275030.0,0.05637890780893616,0.10892465871180423,61300000.0,737900000.0,0.08307358720693861,70.0,66.7
LMT,1894000000.0,20696999936.0,-18802999936.0,1.135,0.91,276.365,3987124992.0,230563608.0,234000000.0,254000000.0,-0.014685435897435897,-0.09226925984251969,304000000.0,75048000000.0,0.004050740859183456,58.0,5.0
LNC,42687000576.0,6712000000.0,35975000576.0,2.193,1.154,65.727,2871124992.0,191213197.0,170380646.0,169220511.0,0.12227064217141188,0.12996465895319273,,18342000000.0,,81.0,77.5
LNG,1304999936.0,27847999488.0,-26542999552.0,0.572,0.346,321.125,1722749952.0,209551868.0,224000000.0,245500000.0,-0.06450058928571428,-0.14642823625254583,161000000.0,19976000000.0,0.008059671605927113,45.0,5.0
LNSTY,,,,,,,,,,,,,,,,,
LOGI,1741545984.0,88155000.0,1653390984.0,2.22,1.756,3.986,747836736.0,143535585.0,148509018.0,159343000.0,-0.033489097611567265,-0.0992036989387673,112392000.0,4840761000.0,0.02321783703016943,85.0,10.0
LOW,786000000.0,42555998208.0,-41769998208.0,1.093,0.096,,4816124928.0,560707041.0,560000000.0,601000000.0,0.0012625732142857143,-0.06704319301164725,247000000.0,86286000000.0,0.0028625733027374083,58.8,8.3
LQDA,222786000.0,184824000.0,37962000.0,2.224,1.983,170.221,9584125.0,88928099.0,84683063.0,64517912.0,0.0501285127109774,0.37834744249007934,29472000.0,158320000.0,0.18615462354724607,85.0,81.7
LRCX,4750936064.0,3734479104.0,1016456960.0,2.536,1.695,35.282,4352341504.0,1250571000.0,1303770000.0,1369750000.0,-0.04080397616143952,-0.08700784814747217,343371000.0,18435591000.0,0.018625440323556754,85.0,10.0
LRNZ,,,,,,,,,,,,,,,,,
LSCC,139956000.0,39900000.0,100056000.0,3.481,2.382,5.391,118340376.0,137007857.0,137704000.0,137099000.0,-0.00505535786905246,-0.000664796971531521,115613000.0,523262000.0,0.2209466768081764,85.0,33.3
LTRX,23515000.0,16875000.0,6640000.0,2.74,1.705,22.66,11643125.0,44608597.0,37872883.0,35129301.0,0.17785057451264008,0.2698401542347797,6132000.0,122923000.0,0.04988488728716351,85.0,75.0
LULU,1514728960.0,2136007936.0,-621278976.0,2.226,0.936,44.264,1133960960.0,108437957.0,121281961.0,127321000.0,-0.10590201456257786,-0.14831051436919282,62203000.0,11102600000.0,0.005602561562156612,65.0,5.0
LUNR,231624000.0,455172992.0,-223548992.0,1.216,0.912,62.254,-32115124.0,160452309.0,100609000.0,18070265.0,0.5948106928803586,7.87935561542678,8609000.0,207132000.0,0.041562868122742985,45.0,75.0
LYB,2660000000.0,14357000192.0,-11697000192.0,1.538,0.823,141.24,987000000.0,322784773.0,323889832.0,326000000.0,-0.003411836034420494,-0.009862659509202454,91000000.0,30153000000.0,0.0030179418300003316,62.0,5.0
MA,8218999808.0,18959998976.0,-10740999168.0,0.981,0.564,282.059,16148124672.0,877036230.0,913400000.0,956000000.0,-0.03981144077074666,-0.08259808577405858,597000000.0,32791000000.0,0.01820621512000244,45.0,10.0
MANH,226132992.0,55685000.0,170447992.0,1.104,0.97,27.14,295047136.0,59164602.0,60921191.0,62191570.0,-0.028833792825882214,-0.04867167688482539,111263000.0,1081392000.0,0.10288868421441993,70.0,33.3
MAR,454000000.0,17405999104.0,-16951999104.0,0.46,0.416,,1796875008.0,263688623.0,276671710.0,310600000.0,-0.04692596507246802,-0.15103469735994848,236000000.0,26186000000.0,0.009012449400442985,50.0,5.0
MARA,513652992.0,2463960064.0,-1950307072.0,1.844,1.627,105.602,-531064736.0,381270503.0,340258453.0,145565916.0,0.12053205332124402,1.619229236327548,172295000.0,907093000.0,0.1899419353914097,57.0,90.0
MAS,388000000.0,3302000128.0,-2914000128.0,1.751,1.033,12229.63,738499968.0,201734437.0,212500000.0,225300000.0,-0.05066147294117647,-0.10459637372392366,30000000.0,7562000000.0,0.003967204443268976,66.0,5.0
MBLY,1344000000.0,62000000.0,1282000000.0,4.757,3.747,0.759,591625024.0,244418126.0,811726477.0,801911905.0,-0.6988910268107468,-0.6952057645284615,277000000.0,1894000000.0,0.14625131995776136,91.0,33.3
MCD,1170000000.0,54895001600.0,-53725001600.0,1.136,0.869,,5952249856.0,710505859.0,715200000.0,731300000.0,-0.006563396252796421,-0.028434487898263368,165000000.0,26885000000.0,0.006137251255346848,66.2,5.0
MCHP,240300000.0,5642200064.0,-5401900064.0,2.092,0.999,87.715,1139912448.0,543008370.0,538704604.0,545459814.0,0.00798910194574836,-0.004494270589840373,255400000.0,4713100000.0,0.05418938702764635,65.0,21.7
MCO,1510000000.0,7402999808.0,-5892999808.0,1.157,0.99,235.539,2266125056.0,174676438.0,180309059.0,183199910.0,-0.031238702210741393,-0.04652552503983217,232000000.0,7718000000.0,0.030059600932884168,58.0,18.3
MDB,2427152896.0,58635000.0,2368517896.0,4.949,4.553,1.998,517605376.0,80431927.0,80467811.0,69906586.0,-0.00044594229113552,0.15056293837607804,550454000.0,2463797000.0,0.22341694547075103,85.0,61.7
MDGL,812771008.0,347311008.0,465460000.0,3.495,2.957,63.908,-156403504.0,23055659.0,22004679.0,18102523.0,0.04776166014509914,0.27361578272818654,98130000.0,958403000.0,0.10238907849829351,72.0,81.7
MDT,9219999744.0,29148999680.0,-19928999936.0,2.126,1.361,58.214,4625375232.0,1280045190.0,1281934628.0,1330809036.0,-0.0014738957500101168,-0.038145101683845196,457000000.0,36364000000.0,0.012567374326256738,69.0,10.0
MELI,5664000000.0,12376000512.0,-6712000512.0,1.161,0.438,169.977,-4104624896.0,50697182.0,50697375.0,50257751.0,-3.8069032173756532e-06,0.008743546841162868,,28893000000.0,,39.0,10.0
MESO,129975000.0,135144000.0,-5169000.0,1.581,1.353,23.516,-69438336.0,129282554.0,1141241211.0,685453691.0,-0.8867175906776819,-0.8113912643589514,22088000.0,17198000.0,1.2843353878357948,53.0,33.3
MET,,,,,,,,,,,,,,,,,
META,,,,,,,,,,,,,,,,,
MGA,,,,,,,,,,,,,,,,,
MGX,,,,,,,,,,,,,,,,,
MIELY,,,,,,,,,,,,,,,,,
MKSI,,,,,,,,,,,,,,,,,
MMM,,,,,,,,,,,,,,,,,
MMS,,,,,,,,,,,,,,,,,
MNRO,,,,,,,,,,,,,,,,,
MO,,,,,,,,,,,,,,,,,
MOB,,,,,,,,,,,,,,,,,
MOG.A,,,,,,,,,,,,,,,,,
MOH,,,,,,,,,,,,,,,,,
MPC,,,,,,,,,,,,,,,,,
MPWR,,,,,,,,,,,,,,,,,
MRCY,,,,,,,,,,,,,,,,,
MRK,,,,,,,,,,,,,,,,,
MRNA,,,,,,,,,,,,,,,,,
MRVL,,,,,,,,,,,,,,,,,
MS,,,,,,,,,,,,,,,,,
MSFT,,,,,,,,,,,,,,,,,
MSOS,,,,,,,,,,,,,,,,,
MSTY,,,,,,,,,,,,,,,,,
MT,,,,,,,,,,,,,,,,,
MTN,,,,,,,,,,,,,,,,,
MTSI,,,,,,,,,,,,,,,,,
MTSR,,,,,,,,,,,,,,,,,
MU,,,,,,,,,,,,,,,,,
MVIS,,,,,,,,,,,,,,,,,
MYNZ,,,,,,,,,,,,,,,,,
MYO,,,,,,,,,,,,,,,,,
NANC,,,,,,,,,,,,,,,,,
NATI,,,,,,,,,,,,,,,,,
NBIS,,,,,,,,,,,,,,,,,
NBIX,,,,,,,,,,,,,,,,,
NDSN,,,,,,,,,,,,,,,,,
NEE,,,,,,,,,,,,,,,,,
NEM,,,,,,,,,,,,,,,,,
NET,,,,,,,,,,,,,,,,,
NFLX,,,,,,,,,,,,,,,,,
NICE,,,,,,,,,,,,,,,,,
NINOY,,,,,,,,,,,,,,,,,
NIO,,,,,,,,,,,,,,,,,
NKE,,,,,,,,,,,,,,,,,
NLR,,,,,,,,,,,,,,,,,
NLY,,,,,,,,,,,,,,,,,
NNDM,,,,,,,,,,,,,,,,,
NNE,,,,,,,,,,,,,,,,,
NNOX,,,,,,,,,,,,,,,,,
NOC,,,,,,,,,,,,,,,,,
NOMD,,,,,,,,,,,,,,,,,
NOVT,,,,,,,,,,,,,,,,,
NOW,,,,,,,,,,,,,,,,,
NRIX,,,,,,,,,,,,,,,,,
NSC,,,,,,,,,,,,,,,,,
NSRGY,,,,,,,,,,,,,,,,,
NTAP,,,,,,,,,,,,,,,,,
NTDOY,,,,,,,,,,,,,,,,,
NTES,,,,,,,,,,,,,,,,,
NTLA,,,,,,,,,,,,,,,,,
NTNX,,,,,,,,,,,,,,,,,
NTRA,,,,,,,,,,,,,,,,,
NU,,,,,,,,,,,,,,,,,
NUE,,,,,,,,,,,,,,,,,
NVDA,,,,,,,,,,,,,,,,,
NVDQ,,,,,,,,,,,,,,,,,
NVDW,,,,,,,,,,,,,,,,,
NVDY,,,,,,,,,,,,,,,,,
NVO,,,,,,,,,,,,,,,,,
NVS,,,,,,,,,,,,,,,,,
NVTS,,,,,,,,,,,,,,,,,
NXPI,,,,,,,,,,,,,,,,,
NXT,,,,,,,,,,,,,,,,,
NXXT,,,,,,,,,,,,,,,,,
O,,,,,,,,,,,,,,,,,
OBDC,,,,,,,,,,,,,,,,,
OC,,,,,,,,,,,,,,,,,
ODFL,,,,,,,,,,,,,,,,,
OII,,,,,,,,,,,,,,,,,
OKE,,,,,,,,,,,,,,,,,
OKLO,,,,,,,,,,,,,,,,,
OLN,,,,,,,,,,,,,,,,,
OMAH,,,,,,,,,,,,,,,,,
OMCL,,,,,,,,,,,,,,,,,
ON,,,,,,,,,,,,,,,,,
ONB,,,,,,,,,,,,,,,,,
ONDS,,,,,,,,,,,,,,,,,
ONON,,,,,,,,,,,,,,,,,
ORA,,,,,,,,,,,,,,,,,
ORAN,,,,,,,,,,,,,,,,,
ORCL,,,,,,,,,,,,,,,,,
OSCR,,,,,,,,,,,,,,,,,
OTC:KYCCF,,,,,,,,,,,,,,,,,
OTC:TBIIF,,,,,,,,,,,,,,,,,
OTC:TOSCF,,,,,,,,,,,,,,,,,
OTIS,,,,,,,,,,,,,,,,,
OUST,,,,,,,,,,,,,,,,,
OVV,,,,,,,,,,,,,,,,,
OXY,,,,,,,,,,,,,,,,,
PACB,,,,,,,,,,,,,,,,,
PAHC,,,,,,,,,,,,,,,,,
PAM,,,,,,,,,,,,,,,,,
PANW,,,,,,,,,,,,,,,,,
PARRO,,,,,,,,,,,,,,,,,
PATH,,,,,,,,,,,,,,,,,
PAYX,,,,,,,,,,,,,,,,,
PBR,,,,,,,,,,,,,,,,,
PDD,,,,,,,,,,,,,,,,,
PDYN,,,,,,,,,,,,,,,,,
PEGA,,,,,,,,,,,,,,,,,
PEP,,,,,,,,,,,,,,,,,
PERF,,,,,,,,,,,,,,,,,
PEX,,,,,,,,,,,,,,,,,
PFE,,,,,,,,,,,,,,,,,
PG,,,,,,,,,,,,,,,,,
PGY,,,,,,,,,,,,,,,,,
PI,,,,,,,,,,,,,,,,,
PINS,,,,,,,,,,,,,,,,,
PL,,,,,,,,,,,,,,,,,
PLD,,,,,,,,,,,,,,,,,
PLSR,,,,,,,,,,,,,,,,,
PLTD,,,,,,,,,,,,,,,,,
PLTR,,,,,,,,,,,,,,,,,
PLTZ,,,,,,,,,,,,,,,,,
PM,,,,,,,,,,,,,,,,,
PNC,,,,,,,,,,,,,,,,,
POET,,,,,,,,,,,,,,,,,
PONY,,,,,,,,,,,,,,,,,
POOL,,,,,,,,,,,,,,,,,
POWW,,,,,,,,,,,,,,,,,
PPERY,,,,,,,,,,,,,,,,,
PPG,,,,,,,,,,,,,,,,,
PRAX,,,,,,,,,,,,,,,,,
PRCT,,,,,,,,,,,,,,,,,
PRME,,,,,,,,,,,,,,,,,
PRNT,,,,,,,,,,,,,,,,,
PRU,,,,,,,,,,,,,,,,,
PSA,,,,,,,,,,,,,,,,,
PSLV,,,,,,,,,,,,,,,,,
PSNL,,,,,,,,,,,,,,,,,
PSTG,,,,,,,,,,,,,,,,,
PSTI,,,,,,,,,,,,,,,,,
PSX,,,,,,,,,,,,,,,,,
PTC,,,,,,,,,,,,,,,,,
PYPL,,,,,,,,,,,,,,,,,
QBTS,,,,,,,,,,,,,,,,,
QCOM,,,,,,,,,,,,,,,,,
QMCU,,,,,,,,,,,,,,,,,
QQQ,,,,,,,,,,,,,,,,,
QQQI,,,,,,,,,,,,,,,,,
QRVO,,,,,,,,,,,,,,,,,
QS,,,,,,,,,,,,,,,,,
QTUM,,,,,,,,,,,,,,,,,
QUBT,,,,,,,,,,,,,,,,,
RACE,,,,,,,,,,,,,,,,,
RAYS,,,,,,,,,,,,,,,,,
RBLX,,,,,,,,,,,,,,,,,
RBOT,,,,,,,,,,,,,,,,,
RBRK,,,,,,,,,,,,,,,,,
RCAT,,,,,,,,,,,,,,,,,
RDDT,,,,,,,,,,,,,,,,,
RDW,,,,,,,,,,,,,,,,,
REGN,,,,,,,,,,,,,,,,,
RELX,,,,,,,,,,,,,,,,,
RGEN,,,,,,,,,,,,,,,,,
RGNX,,,,,,,,,,,,,,,,,
RGTI,,,,,,,,,,,,,,,,,
RIO,,,,,,,,,,,,,,,,,
RIOT,,,,,,,,,,,,,,,,,
RIVN,,,,,,,,,,,,,,,,,
RKLB,,,,,,,,,,,,,,,,,
RKT,,,,,,,,,,,,,,,,,
RLAY,,,,,,,,,,,,,,,,,
RMAX,,,,,,,,,,,,,,,,,
RMBS,,,,,,,,,,,,,,,,,
RMD,,,,,,,,,,,,,,,,,
RNA,,,,,,,,,,,,,,,,,
ROBO,,,,,,,,,,,,,,,,,
ROK,,,,,,,,,,,,,,,,,
ROL,,,,,,,,,,,,,,,,,
ROOT,,,,,,,,,,,,,,,,,
ROP,,,,,,,,,,,,,,,,,
RPRX,,,,,,,,,,,,,,,,,
RR,,,,,,,,,,,,,,,,,
RSKD,,,,,,,,,,,,,,,,,
RTX,,,,,,,,,,,,,,,,,
RUN,,,,,,,,,,,,,,,,,
RXRX,,,,,,,,,,,,,,,,,
RY,,,,,,,,,,,,,,,,,
S,,,,,,,,,,,,,,,,,
SAN,,,,,,,,,,,,,,,,,
SANA,,,,,,,,,,,,,,,,,
SAP,,,,,,,,,,,,,,,,,
SATS,,,,,,,,,,,,,,,,,
SBLK,,,,,,,,,,,,,,,,,
SBUX,,,,,,,,,,,,,,,,,
SCHD,,,,,,,,,,,,,,,,,
SCHG,,,,,,,,,,,,,,,,,
SCHP,,,,,,,,,,,,,,,,,
SCHQ,,,,,,,,,,,,,,,,,
SCHW,,,,,,,,,,,,,,,,,
SD,,,,,,,,,,,,,,,,,
SDGR,,,,,,,,,,,,,,,,,
SDOW,,,,,,,,,,,,,,,,,
SE,,,,,,,,,,,,,,,,,
SEDG,,,,,,,,,,,,,,,,,
SERV,,,,,,,,,,,,,,,,,
SFTBY,,,,,,,,,,,,,,,,,
SGML,,,,,,,,,,,,,,,,,
SGMO,,,,,,,,,,,,,,,,,
SGOV,,,,,,,,,,,,,,,,,
SHOP,,,,,,,,,,,,,,,,,
SHW,,,,,,,,,,,,,,,,,
SIEGY,,,,,,,,,,,,,,,,,
SJM,,,,,,,,,,,,,,,,,
SKYT,,,,,,,,,,,,,,,,,
SLB,,,,,,,,,,,,,,,,,
SLDP,,,,,,,,,,,,,,,,,
SLG,,,,,,,,,,,,,,,,,
SLI,,,,,,,,,,,,,,,,,
SLVR,,,,,,,,,,,,,,,,,
SMCI,,,,,,,,,,,,,,,,,
SMH,,,,,,,,,,,,,,,,,
SMMT,,,,,,,,,,,,,,,,,
SMR,,,,,,,,,,,,,,,,,
SMTC,,,,,,,,,,,,,,,,,
SNAP,,,,,,,,,,,,,,,,,
SNGX,,,,,,,,,,,,,,,,,
SNOW,,,,,,,,,,,,,,,,,
SNPS,,,,,,,,,,,,,,,,,
SNTI,,,,,,,,,,,,,,,,,
SNY,,,,,,,,,,,,,,,,,
SO,,,,,,,,,,,,,,,,,
SOFI,,,,,,,,,,,,,,,,,
SONY,,,,,,,,,,,,,,,,,
SOUN,,,,,,,,,,,,,,,,,
SOXL,,,,,,,,,,,,,,,,,
SOXS,,,,,,,,,,,,,,,,,
SPGI,,,,,,,,,,,,,,,,,
SPWR,,,,,,,,,,,,,,,,,
SPXS,,,,,,,,,,,,,,,,,
SPY,,,,,,,,,,,,,,,,,
SPYI,,,,,,,,,,,,,,,,,
SQM,,,,,,,,,,,,,,,,,
SQQQ,,,,,,,,,,,,,,,,,
SRFM,,,,,,,,,,,,,,,,,
SRPT,,,,,,,,,,,,,,,,,
SRRK,,,,,,,,,,,,,,,,,
SSYS,,,,,,,,,,,,,,,,,
STCE,,,,,,,,,,,,,,,,,
STEM,,,,,,,,,,,,,,,,,
STGW,,,,,,,,,,,,,,,,,
STLA,,,,,,,,,,,,,,,,,
STM,,,,,,,,,,,,,,,,,
STNE,,,,,,,,,,,,,,,,,
STX,,,,,,,,,,,,,,,,,
STZ,,,,,,,,,,,,,,,,,
SU,,,,,,,,,,,,,,,,,
SVXY,,,,,,,,,,,,,,,,,
SWK,,,,,,,,,,,,,,,,,
SWKS,,,,,,,,,,,,,,,,,
SYK,,,,,,,,,,,,,,,,,
SYM,,,,,,,,,,,,,,,,,
SYNA,,,,,,,,,,,,,,,,,
T,,,,,,,,,,,,,,,,,
TAN,,,,,,,,,,,,,,,,,
TATT,,,,,,,,,,,,,,,,,
TCEHY,,,,,,,,,,,,,,,,,
TD,,,,,,,,,,,,,,,,,
TDY,,,,,,,,,,,,,,,,,
TEAM,,,,,,,,,,,,,,,,,
TEL,,,,,,,,,,,,,,,,,
TELO,,,,,,,,,,,,,,,,,
TEM,,,,,,,,,,,,,,,,,
TENB,,,,,,,,,,,,,,,,,
TEO,,,,,,,,,,,,,,,,,
TER,,,,,,,,,,,,,,,,,
TEVA,,,,,,,,,,,,,,,,,
TFC,,,,,,,,,,,,,,,,,
TGT,,,,,,,,,,,,,,,,,
THC,,,,,,,,,,,,,,,,,
THD,,,,,,,,,,,,,,,,,
TIP,,,,,,,,,,,,,,,,,
TLT,,,,,,,,,,,,,,,,,
TLV:ELWS,,,,,,,,,,,,,,,,,
TM,,,,,,,,,,,,,,,,,
TMC,,,,,,,,,,,,,,,,,
TMF,,,,,,,,,,,,,,,,,
TMO,,,,,,,,,,,,,,,,,
TMUS,,,,,,,,,,,,,,,,,
TOST,,,,,,,,,,,,,,,,,
TPL,,,,,,,,,,,,,,,,,
TQQQ,,,,,,,,,,,,,,,,,
TREX,,,,,,,,,,,,,,,,,
TRMB,,,,,,,,,,,,,,,,,
TROX,,,,,,,,,,,,,,,,,
TRP,,,,,,,,,,,,,,,,,
TSEM,,,,,,,,,,,,,,,,,
TSLA,,,,,,,,,,,,,,,,,
TSLL,,,,,,,,,,,,,,,,,
TSLZ,,,,,,,,,,,,,,,,,
TSM,,,,,,,,,,,,,,,,,
TSNDF,,,,,,,,,,,,,,,,,
TSYY,,,,,,,,,,,,,,,,,
TTD,,,,,,,,,,,,,,,,,
TTE,,,,,,,,,,,,,,,,,
TTWO,,,,,,,,,,,,,,,,,
TUR,,,,,,,,,,,,,,,,,
TWST,,,,,,,,,,,,,,,,,
TXG,,,,,,,,,,,,,,,,,
TXN,,,,,,,,,,,,,,,,,
U,,,,,,,,,,,,,,,,,
UAVE,,,,,,,,,,,,,,,,,
UBER,,,,,,,,,,,,,,,,,
UBX,,,,,,,,,,,,,,,,,
UEC,,,,,,,,,,,,,,,,,
UHS,,,,,,,,,,,,,,,,,
UL,,,,,,,,,,,,,,,,,
ULTY,,,,,,,,,,,,,,,,,
UMAC,,,,,,,,,,,,,,,,,
UNH,,,,,,,,,,,,,,,,,
UNHG,,,,,,,,,,,,,,,,,
UNP,,,,,,,,,,,,,,,,,
UPS,,,,,,,,,,,,,,,,,
UPST,,,,,,,,,,,,,,,,,
URA,,,,,,,,,,,,,,,,,
USB,,,,,,,,,,,,,,,,,
UTHR,,,,,,,,,,,,,,,,,
UVIX,,,,,,,,,,,,,,,,,
UVXY,,,,,,,,,,,,,,,,,
V,,,,,,,,,,,,,,,,,
VALE,,,,,,,,,,,,,,,,,
VB,,,,,,,,,,,,,,,,,
VCEL,,,,,,,,,,,,,,,,,
VCYT,,,,,,,,,,,,,,,,,
VECO,,,,,,,,,,,,,,,,,
VEEV,,,,,,,,,,,,,,,,,
VEOEY,,,,,,,,,,,,,,,,,
VERA,,,,,,,,,,,,,,,,,
VERI,,,,,,,,,,,,,,,,,
VERS,,,,,,,,,,,,,,,,,
VERV,,,,,,,,,,,,,,,,,
VFC,,,,,,,,,,,,,,,,,
VGLT,,,,,,,,,,,,,,,,,
VIG,,,,,,,,,,,,,,,,,
VIOV,,,,,,,,,,,,,,,,,
VIST,,,,,,,,,,,,,,,,,
VIXY,,,,,,,,,,,,,,,,,
VKTX,,,,,,,,,,,,,,,,,
VLO,,,,,,,,,,,,,,,,,
VLTO,,,,,,,,,,,,,,,,,
VNM,,,,,,,,,,,,,,,,,
VNOM,,,,,,,,,,,,,,,,,
VNQ,,,,,,,,,,,,,,,,,
VOO,,,,,,,,,,,,,,,,,
VOOG,,,,,,,,,,,,,,,,,
VOOV,,,,,,,,,,,,,,,,,
VRAR,,,,,,,,,,,,,,,,,
VRNS,,,,,,,,,,,,,,,,,
VRT,,,,,,,,,,,,,,,,,
VRTX,,,,,,,,,,,,,,,,,
VSAT,,,,,,,,,,,,,,,,,
VSEC,,,,,,,,,,,,,,,,,
VST,,,,,,,,,,,,,,,,,
VT,,,,,,,,,,,,,,,,,
VTRS,,,,,,,,,,,,,,,,,
VUG,,,,,,,,,,,,,,,,,
VUZI,,,,,,,,,,,,,,,,,
VWO,,,,,,,,,,,,,,,,,
VXUS,,,,,,,,,,,,,,,,,
VXX,,,,,,,,,,,,,,,,,
VYM,,,,,,,,,,,,,,,,,
VYMI,,,,,,,,,,,,,,,,,
VZ,,,,,,,,,,,,,,,,,
WATT,,,,,,,,,,,,,,,,,
WB,,,,,,,,,,,,,,,,,
WEAT,,,,,,,,,,,,,,,,,
WELL,,,,,,,,,,,,,,,,,
WFC,,,,,,,,,,,,,,,,,
WLK,,,,,,,,,,,,,,,,,
WLKP,,,,,,,,,,,,,,,,,
WM,,,,,,,,,,,,,,,,,
WMB,,,,,,,,,,,,,,,,,
WMT,,,,,,,,,,,,,,,,,
WOLF,,,,,,,,,,,,,,,,,
WPP,,,,,,,,,,,,,,,,,
WSM,,,,,,,,,,,,,,,,,
WULF,,,,,,,,,,,,,,,,,
WVE,,,,,,,,,,,,,,,,,
XAIX,,,,,,,,,,,,,,,,,
XBI,,,,,,,,,,,,,,,,,
XDAT,,,,,,,,,,,,,,,,,
XENE,,,,,,,,,,,,,,,,,
XIACF,,,,,,,,,,,,,,,,,
XLB,,,,,,,,,,,,,,,,,
XLE,,,,,,,,,,,,,,,,,
XLF,,,,,,,,,,,,,,,,,
XLU,,,,,,,,,,,,,,,,,
XLV,,,,,,,,,,,,,,,,,
XMTR,,,,,,,,,,,,,,,,,
XOM,,,,,,,,,,,,,,,,,
XOP,,,,,,,,,,,,,,,,,
XPEV,,,,,,,,,,,,,,,,,
XPON,,,,,,,,,,,,,,,,,
XYL,,,,,,,,,,,,,,,,,
XYZ,,,,,,,,,,,,,,,,,
YANG,,,,,,,,,,,,,,,,,
YCL,,,,,,,,,,,,,,,,,
YMAX,,,,,,,,,,,,,,,,,
DBC,,,,,,,,,,,,,,,,,
UUP,,,,,,,,,,,,,,,,,
HYG,,,,,,,,,,,,,,,,,
SHY,,,,,,,,,,,,,,,,,
XLY,,,,,,,,,,,,,,,,,
XLE,,,,,,,,,,,,,,,,,
XLU,,,,,,,,,,,,,,,,,
YPF,,,,,,,,,,,,,,,,,
Z,,,,,,,,,,,,,,,,,
ZBRA,,,,,,,,,,,,,,,,,
ZETA,,,,,,,,,,,,,,,,,
ZLAB,,,,,,,,,,,,,,,,,
ZS,,,,,,,,,,,,,,,,,
ZSPC,,,,,,,,,,,,,,,,,
ZTS,,,,,,,,,,,,,,,,,
RYN,,,,,,,,,,,,,,,,,
WY,,,,,,,,,,,,,,,,,
LPX,,,,,,,,,,,,,,,,,
WFG,,,,,,,,,,,,,,,,,
FND,,,,,,,,,,,,,,,,,
XNDU,,,,,,,,,,,,,,,,,
AMKR,,,,,,,,,,,,,,,,,
ONTO,,,,,,,,,,,,,,,,,
MOS,,,,,,,,,,,,,,,,,
AAOI,,,,,,,,,,,,,,,,,
TT,,,,,,,,,,,,,,,,,
JCI,,,,,,,,,,,,,,,,,
BLD,,,,,,,,,,,,,,,,,
SNDK,,,,,,,,,,,,,,,,,
NVR,,,,,,,,,,,,,,,,,
PHM,,,,,,,,,,,,,,,,,
LII,,,,,,,,,,,,,,,,,
TMHC,,,,,,,,,,,,,,,,,
WAT,,,,,,,,,,,,,,,,,
RVTY,,,,,,,,,,,,,,,,,
TMDX,,,,,,,,,,,,,,,,,
PWR,,,,,,,,,,,,,,,,,
BEPC,,,,,,,,,,,,,,,,,
FNF,,,,,,,,,,,,,,,,,
UWMC,,,,,,,,,,,,,,,,,
FAF,,,,,,,,,,,,,,,,,
COMP,,,,,,,,,,,,,,,,,
UHAL,,,,,,,,,,,,,,,,,
CSGP,,,,,,,,,,,,,,,,,
FTDR,,,,,,,,,,,,,,,,,
GENB,,,,,,,,,,,,,,,,,
GFI,,,,,,,,,,,,,,,,,
P,,,,,,,,,,,,,,,,,
FMQQ,,,,,,,,,,,,,,,,,
EMQQ,,,,,,,,,,,,,,,,,
VNM,,,,,,,,,,,,,,,,,
UAE,,,,,,,,,,,,,,,,,
AER,,,,,,,,,,,,,,,,,
BFAM,,,,,,,,,,,,,,,,,
FTAI,,,,,,,,,,,,,,,,,
AZ,,,,,,,,,,,,,,,,,
VITL,,,,,,,,,,,,,,,,,
CCS,,,,,,,,,,,,,,,,,
BLDR,,,,,,,,,,,,,,,,,
KRKNF,,,,,,,,,,,,,,,,,
KBH,,,,,,,,,,,,,,,,,
MTH,,,,,,,,,,,,,,,,,
STC,,,,,,,,,,,,,,,,,
QNT,,,,,,,,,,,,,,,,,
PCOR,,,,,,,,,,,,,,,,,
INFQ,,,,,,,,,,,,,,,,,
SOAGY,,,,,,,,,,,,,,,,,
WRTBY,,,,,,,,,,,,,,,,,
SPCX,,,,,,,,,,,,,,,,,
JKS,,,,,,,,,,,,,,,,,
ARRY,,,,,,,,,,,,,,,,,
TWODY,,,,,,,,,,,,,,,,,
PSMMY,,,,,,,,,,,,,,,,,
BTDPY,,,,,,,,,,,,,,,,,
HQ,,,,,,,,,,,,,,,,,
LEU,,,,,,,,,,,,,,,,,
BEPC,,,,,,,,,,,,,,,,,
BWXT,,,,,,,,,,,,,,,,,
ESLT,,,,,,,,,,,,,,,,,
